{
  "M": {
    "Hunt": [
      11635,
      20139.0,
      0.5777347435324495
    ],
    "Survive": [
      18348,
      31718.0,
      0.5784727914748723
    ],
    "Funding": [
      88220,
      192016.0,
      0.45944087992667276
    ],
    "Iron Training": [
      18525,
      35323.0,
      0.5244458284970133
    ],
    "Ascendant": [
      7743,
      18183.0,
      0.4258373205741627
    ],
    "Pewter Training": [
      18163,
      35287.0,
      0.5147221356306855
    ],
    "Bronze Training": [
      19663,
      36015.0,
      0.5459669582118561
    ],
    "Pierce": [
      14984,
      22540.0,
      0.664773735581189
    ],
    "Pursue": [
      13273,
      20285.0,
      0.6543258565442445
    ],
    "Brass Training": [
      18678,
      34716.0,
      0.5380228136882129
    ],
    "Strategize": [
      12712,
      20990.0,
      0.6056217246307766
    ],
    "Subdue": [
      8379,
      14505.0,
      0.5776628748707342
    ],
    "Hazekillers": [
      8552,
      16534.0,
      0.5172372081770896
    ],
    "Investigate": [
      17819,
      29405.0,
      0.6059853766366264
    ],
    "Assassinate": [
      6673,
      15595.0,
      0.4278935556268035
    ],
    "Hide": [
      18660,
      32096.0,
      0.5813808574277168
    ],
    "Rioter": [
      3565,
      6773.0,
      0.526354643437177
    ],
    "Tin Training": [
      10991,
      23599.0,
      0.4657400737319378
    ],
    "Copper Training": [
      10283,
      23155.0,
      0.44409414813215287
    ],
    "Steel Training": [
      10072,
      23014.0,
      0.4376466498652994
    ],
    "Strike": [
      9606,
      19902.0,
      0.4826650587880615
    ],
    "Maelstrom": [
      5941,
      18051.0,
      0.329123040274777
    ],
    "Deceive": [
      24016,
      38682.0,
      0.6208572462644124
    ],
    "Spy": [
      12829,
      19105.0,
      0.6714996074326093
    ],
    "Confrontation": [
      4640,
      10810.0,
      0.42923219241443106
    ],
    "Crash": [
      17771,
      35103.0,
      0.5062530268068256
    ],
    "Lookout": [
      14137,
      21453.0,
      0.6589754346711416
    ],
    "Precise Shot": [
      7018,
      15286.0,
      0.45911291377731256
    ],
    "Train In Secret": [
      14193,
      20893.0,
      0.6793184320107213
    ],
    "Crewleader": [
      3789,
      6957.0,
      0.5446313065976714
    ],
    "Ruin": [
      6914,
      12358.0,
      0.5594756433079786
    ],
    "Brawl": [
      7626,
      18732.0,
      0.4071108263933376
    ],
    "Pacify": [
      11416,
      20862.0,
      0.5472150321158087
    ],
    "Soar": [
      12323,
      20151.0,
      0.6115329264056374
    ],
    "Ironpull": [
      10138,
      20004.0,
      0.5067986402719457
    ],
    "Con": [
      12231,
      20625.0,
      0.5930181818181818
    ],
    "Reposition": [
      9206,
      17218.0,
      0.5346730166105239
    ],
    "Soldier": [
      4300,
      8304.0,
      0.5178227360308285
    ],
    "Unveil": [
      29698,
      44236.0,
      0.6713536486119902
    ],
    "Sneak": [
      12929,
      19097.0,
      0.6770173325653244
    ],
    "Steelpush": [
      23301,
      40243.0,
      0.5790075292597471
    ],
    "Dominate": [
      13076,
      19368.0,
      0.6751342420487402
    ],
    "Coppercloud": [
      11598,
      20248.0,
      0.5727973133148953
    ],
    "Eavesdrop": [
      17423,
      28309.0,
      0.6154579815606345
    ],
    "Keeper": [
      3945,
      7287.0,
      0.5413750514615068
    ],
    "Tineye": [
      3722,
      6850.0,
      0.5433576642335767
    ],
    "Noble": [
      2557,
      5013.0,
      0.5100738080989428
    ],
    "House War": [
      11857,
      19425.0,
      0.6103989703989704
    ],
    "Rescue": [
      7989,
      18699.0,
      0.4272420985079416
    ],
    "Charm": [
      9277,
      16107.0,
      0.5759607624014403
    ],
    "Soother": [
      3820,
      6868.0,
      0.5562026790914385
    ],
    "Obligator": [
      3939,
      7383.0,
      0.5335229581470947
    ],
    "Hyperaware": [
      12892,
      20888.0,
      0.6171964764458062
    ],
    "Zinc Training": [
      10553,
      23023.0,
      0.4583677192372845
    ],
    "Houselord": [
      3844,
      7536.0,
      0.5100849256900213
    ],
    "Coinshot": [
      3134,
      6586.0,
      0.4758578803522624
    ],
    "Seeker": [
      3471,
      6613.0,
      0.5248752457281113
    ],
    "Recover": [
      5458,
      10206.0,
      0.5347834607093866
    ],
    "Crushing Blow": [
      4323,
      18101.0,
      0.23882658416662064
    ],
    "Inspire": [
      18922,
      33140.0,
      0.5709716354858178
    ],
    "Rebel": [
      4060,
      7604.0,
      0.533929510783798
    ],
    "Infiltrate": [
      8918,
      18042.0,
      0.4942910985478328
    ],
    "Balance": [
      7929,
      12757.0,
      0.6215411146821352
    ],
    "Pewterarm": [
      3836,
      7704.0,
      0.4979231568016615
    ],
    "Intimidate": [
      9417,
      16353.0,
      0.5758576407998532
    ],
    "Enrage": [
      11081,
      20675.0,
      0.5359613059250302
    ],
    "Smoker": [
      3503,
      6597.0,
      0.5309989389116265
    ],
    "Kandra": [
      3496,
      6172.0,
      0.5664290343486714
    ],
    "Preserve": [
      8290,
      12844.0,
      0.645437558393024
    ],
    "Lurcher": [
      3366,
      6566.0,
      0.5126408772464209
    ],
    "Pickpocket": [
      3869,
      7493.0,
      0.5163485920192179
    ],
    "Mercenary": [
      3826,
      7480.0,
      0.5114973262032085
    ],
    "Inquisitor": [
      2917,
      5651.0,
      0.5161918244558485
    ],
    "Informant": [
      3771,
      7427.0,
      0.507742022350882
    ]
  },
  "D": {
    "Hunt": [
      -12225,
      20139.0,
      -0.6070311336213318
    ],
    "Survive": [
      -19158,
      31718.0,
      -0.6040103411312189
    ],
    "Funding": [
      -93894,
      192016.0,
      -0.4889905007916007
    ],
    "Iron Training": [
      -19523,
      35323.0,
      -0.5526993743453275
    ],
    "Ascendant": [
      -8233,
      18183.0,
      -0.452785568938019
    ],
    "Pewter Training": [
      -19147,
      35287.0,
      -0.542607759231445
    ],
    "Bronze Training": [
      -20595,
      36015.0,
      -0.5718450645564348
    ],
    "Pierce": [
      -15492,
      22540.0,
      -0.6873114463176575
    ],
    "Pursue": [
      -13721,
      20285.0,
      -0.6764111412373676
    ],
    "Brass Training": [
      -19618,
      34716.0,
      -0.5650996658601222
    ],
    "Strategize": [
      -13278,
      20990.0,
      -0.6325869461648403
    ],
    "Subdue": [
      -8787,
      14505.0,
      -0.6057911065149948
    ],
    "Hazekillers": [
      -9022,
      16534.0,
      -0.5456634813112374
    ],
    "Investigate": [
      -18573,
      29405.0,
      -0.6316272742730829
    ],
    "Assassinate": [
      -7051,
      15595.0,
      -0.45213209361974993
    ],
    "Hide": [
      -19538,
      32096.0,
      -0.6087362911266201
    ],
    "Rioter": [
      -3843,
      6773.0,
      -0.5673999704709878
    ],
    "Tin Training": [
      -11755,
      23599.0,
      -0.4981143268782576
    ],
    "Copper Training": [
      -11041,
      23155.0,
      -0.4768300583027424
    ],
    "Steel Training": [
      -10830,
      23014.0,
      -0.4705831233162423
    ],
    "Strike": [
      -10130,
      19902.0,
      -0.5089940709476435
    ],
    "Maelstrom": [
      -6433,
      18051.0,
      -0.3563791479696416
    ],
    "Deceive": [
      -24918,
      38682.0,
      -0.6441755855436637
    ],
    "Spy": [
      -13257,
      19105.0,
      -0.6939021198639099
    ],
    "Confrontation": [
      -7452,
      10810.0,
      -0.6893617021276596
    ],
    "Crash": [
      -18625,
      35103.0,
      -0.530581431786457
    ],
    "Lookout": [
      -14641,
      21453.0,
      -0.6824686524029273
    ],