{
    "Bronze Training": [
        8202,
        37316,
        0.2197984778647229
    ],
    "Infiltrate": [
        2251,
        7269,
        0.30967120649332786
    ],
    "Crushing Blow": [
        1447,
        6605,
        0.2190764572293717
    ],
    "Hide": [
        2221,
        12267,
        0.1810548626396022
    ],
    "Inspire": [
        2453,
        14427,
        0.17002841893671589
    ],
    "Funding": [
        10567,
        105533,
        0.100129817213573
    ],
    "Iron Training": [
        7577,
        37229,
        0.20352413441134598
    ],
    "Informant": [
        -22,
        4900,
        -0.004489795918367347
    ],
    "Pickpocket": [
        -325,
        5215,
        -0.062320230105465
    ],
    "Brass Training": [
        7788,
        37116,
        0.20982864532816037
    ],
    "Pewter Training": [
        7653,
        37339,
        0.20495996143442513
    ],
    "Rebel": [
        -171,
        5163,
        -0.03312027890761186
    ],
    "Unveil": [
        4477,
        8709,
        0.5140659088299461
    ],
    "Eavesdrop": [
        1028,
        14522,
        0.0707891475003443
    ],
    "Pierce": [
        2892,
        6614,
        0.43725430904142726
    ],
    "Survive": [
        2199,
        12375,
        0.1776969696969697
    ],
    "Con": [
        4307,
        14765,
        0.2917033525228581
    ],
    "Hyperaware": [
        2452,
        6596,
        0.37174044875682233
    ],
    "Preserve": [
        1690,
        4436,
        0.38097385031559966
    ],
    "Keeper": [
        -335,
        5107,
        -0.06559624045427843
    ],
    "Enrage": [
        2890,
        14934,
        0.19351814651131646
    ],
    "Charm": [
        1125,
        7175,
        0.156794425087108
    ],
    "Lookout": [
        2418,
        6212,
        0.3892466194462331
    ],
    "Crash": [
        2561,
        12529,
        0.2044057785936627
    ],
    "Noble": [
        -181,
        5197,
        -0.03482778526072734
    ],
    "Lurcher": [
        44,
        2926,
        0.015037593984962405
    ],
    "Tineye": [
        285,
        2765,
        0.10307414104882459
    ],
    "Hunt": [
        3379,
        15197,
        0.22234651575968942
    ],
    "Crewleader": [
        349,
        1993,
        0.17511289513296538
    ],
    "Maelstrom": [
        1383,
        6499,
        0.21280196953377442
    ],
    "Steelpush": [
        5801,
        14929,
        0.3885725768638221
    ],
    "Deceive": [
        3747,
        12255,
        0.3057527539779682
    ],
    "Obligator": [
        -530,
        5258,
        -0.100798782807151
    ],
    "Coinshot": [
        120,
        2904,
        0.04132231404958678
    ],
    "Ironpull": [
        2474,
        15180,
        0.16297760210803688
    ],
    "Strike": [
        2778,
        15004,
        0.1851506264996001
    ],
    "Investigate": [
        1315,
        14351,
        0.09163124520939307
    ],
    "Train In Secret": [
        2229,
        6245,
        0.35692554043234587
    ],
    "Precise Shot": [
        1210,
        7150,
        0.16923076923076924
    ],
    "Subdue": [
        1048,
        7060,
        0.14844192634560907
    ],
    "Coppercloud": [
        2753,
        14833,
        0.1855996763972224
    ],
    "Sneak": [
        2639,
        7359,
        0.35860850659056936
    ],
    "Pacify": [
        2024,
        6166,
        0.32825170288679856
    ],
    "Reposition": [
        1425,
        7349,
        0.1939039325078242
    ],
    "Hazekillers": [
        213,
        8459,
        0.025180281357134415
    ],
    "Ruin": [
        1589,
        4403,
        0.36089030206677264
    ],
    "Dominate": [
        1809,
        6465,
        0.2798143851508121
    ],
    "Assassinate": [
        1222,
        6906,
        0.1769475818129163
    ],
    "Soldier": [
        -125,
        5383,
        -0.02322125208991269
    ],
    "Soar": [
        1770,
        14408,
        0.12284841754580789
    ],
    "Intimidate": [
        1334,
        7226,
        0.18461112648768335
    ],
    "Pursue": [
        3205,
        7441,
        0.43072167719392557
    ],
    "Brawl": [
        1650,
        6290,
        0.26232114467408585
    ],
    "Recover": [
        1518,
        7408,
        0.20491360691144708
    ],
    "Rescue": [
        1461,
        6199,
        0.2356831747055977
    ],
    "Rioter": [
        111,
        2883,
        0.03850156087408949
    ],
    "House War": [
        1696,
        6432,
        0.263681592039801
    ],
    "Houselord": [
        -271,
        5153,
        -0.05259072385018436
    ],
    "Mercenary": [
        -434,
        5126,
        -0.08466640655481857
    ],
    "Strategize": [
        2236,
        6578,
        0.33992094861660077
    ],
    "Ascendant": [
        1257,
        6389,
        0.19674440444514008
    ],
    "Seeker": [
        191,
        2707,
        0.07055781307720724
    ],
    "Soother": [
        359,
        2611,
        0.13749521256223668
    ],
    "Spy": [
        1848,
        4410,
        0.41904761904761906
    ],
    "Smoker": [
        177,
        2915,
        0.06072041166380789
    ],
    "Confrontation": [
        1590,
        3404,
        0.4670975323149236
    ],
    "Balance": [
        1787,
        4419,
        0.40439013351436975
    ],
    "Inquisitor": [
        253,
        1805,
        0.1401662049861496
    ],
    "Pewterarm": [
        226,
        3026,
        0.07468605419695969
    ],
    "Kandra": [
        349,
        1901,
        0.18358758548132562
    ],
    "Zinc Training": [
        12,
        72,
        0.16666666666666666
    ],
    "Tin Training": [
        10,
        46,
        0.21739130434782608
    ],
    "Copper Training": [
        -9,
        73,
        -0.1232876712328767
    ],
    "Steel Training": [
        -3,
        81,
        -0.037037037037037035
    ]
}