{
    "Zinc Training": 0.9473670835922555,
    "Brass Training": 0.9473670835922555,
    "Funding": 0.4734307963504798,
    "Steel Training": 0.9273082125648446,
    "Iron Training": 0.9273082125648446,
    "Inspire": 0.6484926362147527,
    "Soar": 0.6412781039260801,
    "Steelpush": 0.9193631919984288,
    "Con": 0.598806120883876,
    "Copper Training": 0.9478360535290001,
    "Pewter Training": 0.9478360535290001,
    "Sneak": 1.7366344763397286,
    "Ironpull": 0.8095492395439148,
    "Crash": 0.4900803820870562,
    "Recover": 0.7856645268583756,
    "Precise Shot": 0.42962670896194727,
    "Rescue": 0.7858943076753333,
    "Lookout": 1.5797056324555918,
    "Tin Training": 0.9468364704994937,
    "Bronze Training": 0.9468364704994937,
    "Charm": 1.034089363200498,
    "Hide": 1.409099856675993,
    "Intimidate": 1.3702020200043659,
    "Enrage": 0.49626956022389296,
    "Strike": 0.29900013366044326,
    "Hunt": 0.27181458762819555,
    "Brawl": 0.4408176098575852,
    "Survive": 1.0580198725955479,
    "Infiltrate": 0.24605611376924338,
    "Crushing Blow": 0.7119376836426643,
    "Investigate": 1.5140083728208777,
    "Deceive": 1.407282686997744,
    "Train In Secret": 1.7067520224784136,
    "Hazekillers": 0.22696584989529697,
    "Coppercloud": 0.5532362636728669,
    "Unveil": 1.532559364934522,
    "Mercenary": 0.42795248380938083,
    "Pacify": 0.5984470873988926,
    "Pursue": 1.0651685095397627,
    "Eavesdrop": 0.37596422071815705,
    "Pickpocket": 1.1453334842098004,
    "Subdue": 1.278339009860455,
    "Reposition": 1.2406610451371118,
    "Pewterarm": 0.6395392143426064,
    "Assassinate": 0.9412164392576713,
    "Smoker": 0.5283405405630868,
    "Dominate": 0.33631535425168113,
    "Soldier": 0.6492899250645511,
    "Kandra": 1.3774075336692166,
    "Seeker": 0.6979544043878183,
    "Hyperaware": 1.2912344478008417,
    "Ruin": 1.1595649784467084,
    "Spy": 1.3076370577187881,
    "Crewleader": 0.8438015907454882,
    "Soother": 1.5288701569956151,
    "Maelstrom": 0.7975343959653807,
    "Lurcher": 0.41443575408270134,
    "Rioter": 1.0332042115493054,
    "Ascendant": 0.00024194173830763692,
    "Rebel": 1.0307842849355877,
    "Coinshot": 0.7478406467730813,
    "Houselord": 1.1457939703665965,
    "House War": 0.541141270239356,
    "Strategize": 1.1444843752302092,
    "Obligator": 1.010088942795024,
    "Pierce": 1.5508546304893587,
    "Inquisitor": 1.0348497183633834,
    "Tineye": 0.903150146900416,
    "Informant": 1.2335760136002152,
    "Noble": 0.747635296559654,
    "Keeper": 1.3065804340502105,
    "Preserve": 1.670927522637861,
    "Balance": 1.1687902670730321,
    "Confrontation": 1.6450518672369778
}