{
    "Assassinate": 1.314984906797033,
    "Funding": 1.3889565161640236,
    "Steel Training": 1.370284818302833,
    "Copper Training": 1.370135499236676,
    "Tin Training": 1.3636294798656947,
    "Ascendant": 1.3726425138671765,
    "Steelpush": 1.4718481513451682,
    "Zinc Training": 1.3734120190271384,
    "Crushing Blow": 1.472337119677918,
    "Preserve": 1.1689012821271838,
    "Precise Shot": 1.3231050743362254,
    "Brawl": 1.3259433110363221,
    "Maelstrom": 1.3912939705759557,
    "Hide": 1.0117289217777552,
    "Crash": 1.1165956989924932,
    "Hazekillers": 0.9979352805224486,
    "Soldier": 0.9971285687740733,
    "Spy": 1.0592899044004647,
    "Con": 1.033053292346957,
    "Investigate": 1.0010178401474585,
    "Strategize": 1.1156543405964483,
    "Unveil": 1.2262310974504556,
    "Infiltrate": 1.141880371995566,
    "Ruin": 1.2423277349161463,
    "Pierce": 1.3487893235968607,
    "Rescue": 1.287178596120951,
    "Enrage": 1.0222443459704142,
    "Recover": 1.2104707984464826,
    "Eavesdrop": 1.0494491632455079,
    "Ironpull": 1.1018169580653916,
    "Mercenary": 1.0029691248058366,
    "Survive": 1.0109770093742407,
    "Lookout": 1.0494052197108181,
    "Inspire": 1.0088119826962931,
    "Reposition": 1.009510266031713,
    "House War": 1.0932878792138694,
    "Charm": 1.0028384474187932,
    "Strike": 1.052144731273969,
    "Rebel": 0.9999900278934983,
    "Hunt": 1.009761851214453,
    "Soar": 1.023116992837109,
    "Train In Secret": 0.9989899476332529,
    "Seeker": 1.0079056153978478,
    "Houselord": 1.0079254580533665,
    "Keeper": 0.9999838234806834,
    "Coppercloud": 1.025361847607595,
    "Pickpocket": 1.0000475445074968,
    "Sneak": 1.0039949841326001,
    "Informant": 1.0079125575334489,
    "Rioter": 0.9979990378901693,
    "Lurcher": 1.0029840499210327,
    "Smoker": 1.0059710639021116,
    "Deceive": 1.0019980039900158,
    "Obligator": 1.0098987126028185,
    "Noble": 1.0069343984595536,
    "Intimidate": 0.9979714425060958,
    "Subdue": 1.0029910149850108,
    "Soother": 0.9989612977475667,
    "Tineye": 1.0009940279360854,
    "Pacify": 1.0019940039989998,
    "Pursue": 0.9990633523568989,
    "Coinshot": 0.9920428802097483,
    "Balance": 1.001982043938054,
    "Pewterarm": 0.9910676790801567,
    "Inquisitor": 0.999005992004999,
    "Crewleader": 1.001000001997001,
    "Dominate": 1.001,
    "Kandra": 0.999012971032979,
    "Hyperaware": 1.0
}