{
    "Brass Training": 1.2005193669871974,
    "Brawl": 1.1635232371215494,
    "Funding": 1.1307463944266014,
    "Pewter Training": 1.2140528350940245,
    "Strike": 1.2103202494592757,
    "Iron Training": 1.188402440596922,
    "Preserve": 1.1885787223686282,
    "Survive": 1.1241742748041046,
    "Bronze Training": 1.1821812341902036,
    "Hyperaware": 1.2161380371617476,
    "Pursue": 1.199620558096008,
    "Charm": 0.9981007313941952,
    "Crash": 1.0464345456242266,
    "Unveil": 1.2881618654358458,
    "House War": 1.2334156149747266,
    "Pierce": 1.19710350803505,
    "Steelpush": 1.2211795120512559,
    "Strategize": 1.3074785921485779,
    "Enrage": 0.9846416402073845,
    "Rescue": 1.0620806205432671,
    "Maelstrom": 1.3128387586554455,
    "Lookout": 1.2198514247399672,
    "Recover": 1.2042500707301707,
    "Infiltrate": 1.1937414706531906,
    "Reposition": 0.99582147694826,
    "Ascendant": 1.162772806952185,
    "Balance": 1.1759989257719166,
    "Ruin": 1.1766214186126376,
    "Sneak": 1.1977272857202783,
    "Ironpull": 1.0160318953588867,
    "Crushing Blow": 1.3005019228992825,
    "Spy": 1.0503458353711628,
    "Seeker": 0.9999959761446424,
    "Rebel": 1.0059047224953068,
    "Keeper": 0.9902213216512131,
    "Hazekillers": 0.9999152462643451,
    "Inspire": 0.9983466175810191,
    "Intimidate": 0.9911273705025472,
    "Precise Shot": 1.0029870229730187,
    "Kandra": 0.9989940339240935,
    "Pacify": 1.0029970009999998,
    "Soother": 0.9980860587098709,
    "Hide": 1.0175187730889028,
    "Pickpocket": 1.0099114643986895,
    "Crewleader": 1.0029970009999998,
    "Tineye": 1.002967198256945,
    "Coppercloud": 0.9993438402155216,
    "Soldier": 0.9931598185653374,
    "Soar": 0.9898858188611251,
    "Eavesdrop": 1.000337636548974,
    "Informant": 0.9990218031422319,
    "Houselord": 0.9949943294763964,
    "Assassinate": 1.0039790578801713,
    "Hunt": 1.0037641421150671,
    "Mercenary": 0.9950298425456179,
    "Obligator": 1.0059780835996848,
    "Investigate": 1.0017692385559662,
    "Noble": 1.0039492398832668,
    "Smoker": 0.9980030059640717,
    "Deceive": 1.0009970089870108,
    "Subdue": 1.0019960039989997,
    "Train In Secret": 0.9969893281218701,
    "Coinshot": 0.9980139740299739,
    "Pewterarm": 0.9960783694313217,
    "Tin Training": 1.0,
    "Lurcher": 0.9990009970069907,
    "Con": 1.001993998073776,
    "Confrontation": 1.0029970009999998,
    "Rioter": 0.998004992006996,
    "Inquisitor": 0.997009990004999
}