{
    "Hyperaware": 0.7099155406284793,
    "Infiltrate": 0.7080408194956944,
    "Steel Training": 0.525184219945048,
    "Strategize": 0.7658554855269107,
    "Con": 0.5811322513658024,
    "Funding": 0.47257542005614395,
    "Strike": 0.6737390390398059,
    "Tin Training": 0.5187776134354202,
    "Zinc Training": 0.5094598654592536,
    "Crash": 0.5782226003799512,
    "Copper Training": 0.5125774980367724,
    "Recover": 0.7362409947680038,
    "Unveil": 0.7297724450143681,
    "Pierce": 0.8336405690956746,
    "Pursue": 0.7008091793212438,
    "Crushing Blow": 0.9398713267089671,
    "Enrage": 0.6564246878661272,
    "Hunt": 0.9099277618071043,
    "Ironpull": 0.5358561896081353,
    "House War": 0.713539413111608,
    "Spy": 0.7553831468332876,
    "Rescue": 0.790097220218618,
    "Maelstrom": 0.7925320634156138,
    "Assassinate": 0.7307510830250681,
    "Investigate": 0.9414155070262956,
    "Steelpush": 0.6958634830953836,
    "Reposition": 0.6646303044030527,
    "Sneak": 0.7539361800869424,
    "Precise Shot": 0.7019080732821023,
    "Ascendant": 0.7702749336395937,
    "Balance": 0.6872047274948462,
    "Coppercloud": 0.8244970367286099,
    "Brawl": 0.7982737877734827,
    "Kandra": 0.9792086759647052,
    "Preserve": 0.9729270130676504,
    "Houselord": 0.9637550801962081,
    "Seeker": 0.9881192493617253,
    "Lurcher": 0.8895619379407443,
    "Pewterarm": 0.9685879277877268,
    "Informant": 0.9881281278278683,
    "Noble": 0.9600953678320271,
    "Dominate": 0.809018283201854,
    "Eavesdrop": 0.8959927697725445,
    "Inquisitor": 0.9930388772596086,
    "Soar": 0.9438513053793368,
    "Hazekillers": 0.914347752274863,
    "Ruin": 0.800249535770619,
    "Inspire": 0.9575455025447748,
    "Obligator": 0.9648110515422867,
    "Keeper": 0.9632380532771485,
    "Intimidate": 0.9842507011412339,
    "Lookout": 0.9890904673262441,
    "Hide": 0.9737716406722987,
    "Charm": 0.9706526104791511,
    "Soother": 0.9715987389413568,
    "Deceive": 0.9940100178852593,
    "Mercenary": 0.9812688330577534,
    "Rioter": 0.9685781362591156,
    "Train In Secret": 0.9042863699178043,
    "Coinshot": 0.9666761066098476,
    "Survive": 0.6428736928913833,
    "Pickpocket": 0.9792539339184546,
    "Subdue": 0.995017952083904,
    "Pacify": 0.9900726729570309,
    "Crewleader": 0.98610747177567,
    "Tineye": 0.9747232608343698,
    "Soldier": 0.9650925944426729,
    "Smoker": 0.9841243683254486,
    "Rebel": 0.9629379861989866,
    "Bronze Training": 0.999,
    "Confrontation": 1.0019980019989998,
    "Iron Training": 0.9980000019989999,
    "Pewter Training": 1.0,
    "Brass Training": 0.998003996001
}