{
  "Subdue": [
    -666,
    4792,
    -0.13898163606010017
  ],
  "Zinc Training": [
    28,
    54028,
    0.0005182497964018657
  ],
  "Pursue": [
    994,
    4682,
    0.21230243485689876
  ],
  "Tin Training": [
    28,
    54028,
    0.0005182497964018657
  ],
  "Enrage": [
    -724,
    9570,
    -0.07565308254963428
  ],
  "Inquisitor": [
    661,
    4713,
    0.1402503713133885
  ],
  "Copper Training": [
    28,
    54028,
    0.0005182497964018657
  ],
  "Soar": [
    1480,
    12480,
    0.11858974358974358
  ],
  "Coppercloud": [
    695,
    7223,
    0.09622040703308875
  ],
  "Funding": [
    -3116,
    45516,
    -0.06845944283328939
  ],
  "Steel Training": [
    28,
    54028,
    0.0005182497964018657
  ],
  "Hazekillers": [
    1483,
    12579,
    0.11789490420542173
  ],
  "Crewleader": [
    -409,
    4165,
    -0.09819927971188476
  ],
  "Informant": [
    540,
    6610,
    0.08169440242057488
  ],
  "Rescue": [
    381,
    3791,
    0.10050118702189396
  ],
  "Ironpull": [
    -198,
    6648,
    -0.029783393501805054
  ],
  "Keeper": [
    -867,
    4647,
    -0.18657198192382182
  ],
  "Rebel": [
    -460,
    5744,
    -0.08008356545961003
  ],
  "Mercenary": [
    -142,
    6784,
    -0.020931603773584904
  ],
  "Crash": [
    -540,
    5740,
    -0.09407665505226481
  ],
  "Coinshot": [
    576,
    5632,
    0.10227272727272728
  ],
  "Precise Shot": [
    190,
    4602,
    0.041286397218600605
  ],
  "Intimidate": [
    -716,
    3326,
    -0.2152736019242333
  ],
  "Deceive": [
    468,
    7476,
    0.06260032102728733
  ],
  "Pewterarm": [
    567,
    5649,
    0.10037174721189591
  ],
  "Rioter": [
    367,
    5545,
    0.06618575293056808
  ],
  "Assassinate": [
    570,
    4708,
    0.12107051826677995
  ],
  "Houselord": [
    84,
    6880,
    0.012209302325581395
  ],
  "Charm": [
    -846,
    4494,
    -0.1882510013351135
  ],
  "Noble": [
    -490,
    3920,
    -0.125
  ],
  "Con": [
    1369,
    9479,
    0.1444245173541513
  ],
  "Lookout": [
    -118,
    1918,
    -0.061522419186652764
  ],
  "Lurcher": [
    293,
    5615,
    0.05218165627782725
  ],
  "Brawl": [
    87,
    1435,
    0.06062717770034843
  ],
  "Infiltrate": [
    824,
    4962,
    0.166062071745264
  ],
  "Recover": [
    240,
    4922,
    0.048760666395774074
  ],
  "Soother": [
    1199,
    6021,
    0.19913635608702873
  ],
  "Seeker": [
    879,
    5685,
    0.1546174142480211
  ],
  "Inspire": [
    -947,
    3329,
    -0.2844698107539802
  ],
  "Steelpush": [
    2438,
    9540,
    0.25555555555555554
  ],
  "Ascendant": [
    73,
    2621,
    0.027851964898893553
  ],
  "Kandra": [
    319,
    4947,
    0.06448352536891046
  ],
  "Tineye": [
    1097,
    6013,
    0.1824380508897389
  ],
  "Soldier": [
    183,
    6833,
    0.026781794233865067
  ],
  "Obligator": [
    -110,
    5308,
    -0.020723436322532027
  ],
  "Pickpocket": [
    -342,
    6076,
    -0.05628703094140882
  ],
  "Pacify": [
    55,
    2023,
    0.02718734552644587
  ],
  "Investigate": [
    -641,
    1241,
    -0.5165189363416599
  ],
  "Pierce": [
    724,
    1878,
    0.3855165069222577
  ],
  "Unveil": [
    1159,
    3041,
    0.3811246300559027
  ],
  "Strike": [
    -122,
    4548,
    -0.026824978012313105
  ],
  "Strategize": [
    342,
    1620,
    0.2111111111111111
  ],
  "Reposition": [
    -189,
    1489,
    -0.12693082605775688
  ],
  "House War": [
    83,
    373,
    0.2225201072386059
  ],
  "Crushing Blow": [
    118,
    270,
    0.43703703703703706
  ],
  "Hunt": [
    -321,
    1131,
    -0.2838196286472148
  ],
  "Sneak": [
    6,
    768,
    0.0078125
  ],
  "Maelstrom": [
    269,
    731,
    0.3679890560875513
  ],
  "Spy": [
    -8,
    144,
    -0.05555555555555555
  ],
  "Smoker": [
    0,
    54,
    0
  ],
  "Dominate": [
    89,
    357,
    0.24929971988795518
  ],
  "Hyperaware": [
    134,
    478,
    0.2803347280334728
  ],
  "Preserve": [
    7,
    65,
    0.1076923076923077
  ],
  "Balance": [
    3,
    43,
    0.06976744186046512
  ],
  "Hide": [
    -4,
    6,
    -0.6666666666666666
  ],
  "Ruin": [
    3,
    7,
    0.42857142857142855
  ],
  "Train In Secret": [
    2,
    2,
    1
  ],
  "Eavesdrop": [
    2,
    4,
    0.5
  ]
}