{
  "Tin Training": [
    44,
    25504,
    0.001725219573400251
  ],
  "Zinc Training": [
    44,
    25504,
    0.001725219573400251
  ],
  "Seeker": [
    682,
    2776,
    0.24567723342939482
  ],
  "Investigate": [
    -326,
    738,
    -0.44173441734417346
  ],
  "Steel Training": [
    44,
    25504,
    0.001725219573400251
  ],
  "Keeper": [
    -261,
    1571,
    -0.16613621896880967
  ],
  "Con": [
    204,
    4896,
    0.041666666666666664
  ],
  "Copper Training": [
    44,
    25504,
    0.001725219573400251
  ],
  "Assassinate": [
    327,
    2349,
    0.1392081736909323
  ],
  "Informant": [
    513,
    3143,
    0.16321985364301622
  ],
  "Crash": [
    -336,
    3074,
    -0.10930383864671438
  ],
  "Subdue": [
    -401,
    2473,
    -0.16215123331985443
  ],
  "Funding": [
    -1014,
    22102,
    -0.045878201067776674
  ],
  "Lurcher": [
    229,
    2773,
    0.08258204111071042
  ],
  "Hazekillers": [
    73,
    6073,
    0.01202041824468961
  ],
  "Soldier": [
    215,
    3241,
    0.06633755013884604
  ],
  "Mercenary": [
    136,
    3230,
    0.042105263157894736
  ],
  "Coppercloud": [
    549,
    3621,
    0.1516155758077879
  ],
  "Steelpush": [
    996,
    4892,
    0.2035977105478332
  ],
  "Deceive": [
    -236,
    3978,
    -0.059326294620412265
  ],
  "Coinshot": [
    625,
    2843,
    0.21983819908547308
  ],
  "Kandra": [
    10,
    2398,
    0.004170141784820684
  ],
  "Pickpocket": [
    -269,
    2975,
    -0.09042016806722689
  ],
  "Ironpull": [
    -206,
    3416,
    -0.06030444964871194
  ],
  "Soother": [
    872,
    2950,
    0.29559322033898305
  ],
  "Pacify": [
    -92,
    1126,
    -0.08170515097690942
  ],
  "Pewterarm": [
    332,
    2726,
    0.12179016874541453
  ],
  "Obligator": [
    128,
    2676,
    0.04783258594917788
  ],
  "Inspire": [
    -492,
    2014,
    -0.2442899702085402
  ],
  "Rebel": [
    -319,
    2873,
    -0.11103376261747303
  ],
  "Recover": [
    311,
    2487,
    0.12505026135906716
  ],
  "Strategize": [
    75,
    965,
    0.07772020725388601
  ],
  "Inquisitor": [
    161,
    2307,
    0.06978760294755093
  ],
  "Rioter": [
    87,
    2729,
    0.03187980945401246
  ],
  "Houselord": [
    71,
    3247,
    0.02186633815829997
  ],
  "Strike": [
    96,
    2386,
    0.040234702430846606
  ],
  "Intimidate": [
    -411,
    1777,
    -0.2312886888013506
  ],
  "Soar": [
    408,
    6018,
    0.06779661016949153
  ],
  "Rescue": [
    37,
    1943,
    0.019042717447246525
  ],
  "Precise Shot": [
    -20,
    2370,
    -0.008438818565400843
  ],
  "Noble": [
    -205,
    1901,
    -0.10783798001052078
  ],
  "Infiltrate": [
    219,
    2503,
    0.08749500599280863
  ],
  "Tineye": [
    654,
    2902,
    0.2253618194348725
  ],
  "Enrage": [
    -139,
    4867,
    -0.028559687692623792
  ],
  "Sneak": [
    -32,
    420,
    -0.0761904761904762
  ],
  "Crewleader": [
    -60,
    2186,
    -0.027447392497712716
  ],
  "Unveil": [
    435,
    1767,
    0.2461799660441426
  ],
  "Dominate": [
    -1,
    223,
    -0.004484304932735426
  ],
  "Ascendant": [
    53,
    1425,
    0.037192982456140354
  ],
  "Reposition": [
    -101,
    947,
    -0.10665258711721225
  ],
  "Charm": [
    -428,
    2284,
    -0.18739054290718038
  ],
  "Maelstrom": [
    119,
    459,
    0.25925925925925924
  ],
  "Pursue": [
    190,
    2386,
    0.07963118189438391
  ],
  "Lookout": [
    -152,
    1006,
    -0.15109343936381708
  ],
  "Hyperaware": [
    36,
    322,
    0.11180124223602485
  ],
  "Hunt": [
    -157,
    593,
    -0.26475548060708265
  ],
  "Pierce": [
    277,
    1089,
    0.25436179981634527
  ],
  "Preserve": [
    -10,
    52,
    -0.19230769230769232
  ],
  "Spy": [
    -18,
    94,
    -0.19148936170212766
  ],
  "Crushing Blow": [
    45,
    191,
    0.2356020942408377
  ],
  "Brawl": [
    6,
    896,
    0.006696428571428571
  ],
  "House War": [
    37,
    259,
    0.14285714285714285
  ],
  "Balance": [
    2,
    42,
    0.047619047619047616
  ],
  "Eavesdrop": [
    -1,
    1,
    -1
  ],
  "Smoker": [
    -8,
    32,
    -0.25
  ],
  "Hide": [
    -1,
    1,
    -1
  ],
  "Train In Secret": [
    -2,
    4,
    -0.5
  ],
  "Survive": [
    0,
    2,
    0
  ],
  "Ruin": [
    0,
    2,
    0
  ]
}