{
  "Funding": [
    -2333,
    22053,
    -0.105790595383848
  ],
  "Hazekillers": [
    -340,
    6804,
    -0.04997060552616108
  ],
  "Crash": [
    -281,
    3609,
    -0.07786090329731228
  ],
  "Brass Training": [
    51,
    27145,
    0.0018787990421808805
  ],
  "Bronze Training": [
    51,
    27145,
    0.0018787990421808805
  ],
  "Steelpush": [
    925,
    5533,
    0.16717874570757274
  ],
  "Ironpull": [
    -218,
    3106,
    -0.07018673535093367
  ],
  "Deceive": [
    -74,
    4774,
    -0.015500628403854211
  ],
  "Pewter Training": [
    51,
    27145,
    0.0018787990421808805
  ],
  "Iron Training": [
    51,
    27145,
    0.0018787990421808805
  ],
  "Rioter": [
    -54,
    3238,
    -0.016676961087090797
  ],
  "Precise Shot": [
    -249,
    2635,
    -0.09449715370018975
  ],
  "Unveil": [
    1474,
    4102,
    0.35933690882496344
  ],
  "Keeper": [
    -159,
    2525,
    -0.06297029702970297
  ],
  "Infiltrate": [
    -115,
    3131,
    -0.03672947939955286
  ],
  "Pewterarm": [
    -13,
    3243,
    -0.004008633980881899
  ],
  "Charm": [
    -183,
    2771,
    -0.06604114038253338
  ],
  "Soar": [
    1030,
    6714,
    0.1534107834375931
  ],
  "Houselord": [
    47,
    3693,
    0.01272678039534254
  ],
  "Subdue": [
    -161,
    2823,
    -0.057031526744597945
  ],
  "Pierce": [
    740,
    1896,
    0.39029535864978904
  ],
  "Seeker": [
    681,
    3263,
    0.2087036469506589
  ],
  "Con": [
    1295,
    6191,
    0.20917460830237442
  ],
  "Inspire": [
    -336,
    2588,
    -0.12982998454404945
  ],
  "Brawl": [
    -117,
    833,
    -0.1404561824729892
  ],
  "Enrage": [
    -9,
    5425,
    -0.0016589861751152074
  ],
  "Rebel": [
    -319,
    1919,
    -0.1662324127149557
  ],
  "Pursue": [
    747,
    2731,
    0.2735261808861223
  ],
  "Informant": [
    755,
    3409,
    0.22147257260193606
  ],
  "Rescue": [
    -2,
    1932,
    -0.0010351966873706005
  ],
  "Reposition": [
    -185,
    569,
    -0.3251318101933216
  ],
  "Coppercloud": [
    -420,
    4024,
    -0.10437375745526839
  ],
  "Pickpocket": [
    -205,
    1905,
    -0.10761154855643044
  ],
  "Mercenary": [
    -63,
    3593,
    -0.01753409407180629
  ],
  "Ascendant": [
    -126,
    1798,
    -0.07007786429365963
  ],
  "Recover": [
    30,
    2972,
    0.010094212651413189
  ],
  "Sneak": [
    43,
    585,
    0.0735042735042735
  ],
  "Soldier": [
    82,
    3642,
    0.022515101592531575
  ],
  "Lurcher": [
    -59,
    3239,
    -0.01821549861068231
  ],
  "Tineye": [
    919,
    3119,
    0.2946457197819814
  ],
  "Assassinate": [
    -185,
    2589,
    -0.07145616067979915
  ],
  "Soother": [
    1268,
    3294,
    0.3849423193685489
  ],
  "Pacify": [
    64,
    1174,
    0.054514480408858604
  ],
  "Coinshot": [
    -93,
    3277,
    -0.02837961550198352
  ],
  "Maelstrom": [
    24,
    438,
    0.0547945205479452
  ],
  "Kandra": [
    135,
    2845,
    0.04745166959578207
  ],
  "Crewleader": [
    56,
    1358,
    0.041237113402061855
  ],
  "Intimidate": [
    -173,
    2243,
    -0.07712884529647793
  ],
  "Lookout": [
    213,
    1475,
    0.14440677966101695
  ],
  "Strategize": [
    204,
    1456,
    0.1401098901098901
  ],
  "Obligator": [
    135,
    2059,
    0.06556580864497329
  ],
  "Inquisitor": [
    -225,
    2783,
    -0.08084800574919151
  ],
  "House War": [
    -3,
    483,
    -0.006211180124223602
  ],
  "Spy": [
    34,
    186,
    0.1827956989247312
  ],
  "Crushing Blow": [
    -12,
    332,
    -0.03614457831325301
  ],
  "Preserve": [
    32,
    186,
    0.17204301075268819
  ],
  "Dominate": [
    119,
    711,
    0.16736990154711673
  ],
  "Hyperaware": [
    333,
    837,
    0.3978494623655914
  ],
  "Balance": [
    20,
    156,
    0.1282051282051282
  ],
  "Noble": [
    5,
    101,
    0.04950495049504951
  ],
  "Strike": [
    -8,
    40,
    -0.2
  ],
  "Hunt": [
    4,
    34,
    0.11764705882352941
  ],
  "Survive": [
    1,
    1,
    1
  ],
  "Ruin": [
    -6,
    10,
    -0.6
  ],
  "Train In Secret": [
    -1,
    1,
    -1
  ],
  "Eavesdrop": [
    0,
    2,
    0
  ],
  "Investigate": [
    -2,
    6,
    -0.3333333333333333
  ],
  "Smoker": [
    -1,
    5,
    -0.2
  ],
  "Hide": [
    1,
    1,
    1
  ]
}