{
  "Strategize": [
    435,
    2697,
    0.16129032258064516
  ],
  "Iron Training": [
    46,
    55642,
    0.00082671363358614
  ],
  "Bronze Training": [
    46,
    55642,
    0.00082671363358614
  ],
  "Hazekillers": [
    9,
    13659,
    0.000658906215681968
  ],
  "Pewter Training": [
    46,
    55642,
    0.00082671363358614
  ],
  "Funding": [
    -4994,
    45084,
    -0.11077100523467305
  ],
  "Enrage": [
    -229,
    10585,
    -0.0216343882853094
  ],
  "Deceive": [
    92,
    9302,
    0.009890346162115675
  ],
  "Soar": [
    2389,
    13625,
    0.17533944954128441
  ],
  "Brass Training": [
    46,
    55642,
    0.00082671363358614
  ],
  "Seeker": [
    943,
    6469,
    0.1457721440717267
  ],
  "Charm": [
    -141,
    5341,
    -0.026399550645946453
  ],
  "Pierce": [
    1688,
    3622,
    0.46604086140254003
  ],
  "Houselord": [
    -179,
    7447,
    -0.02403652477507721
  ],
  "Crash": [
    -522,
    6700,
    -0.07791044776119403
  ],
  "Informant": [
    782,
    6726,
    0.11626523936961047
  ],
  "Steelpush": [
    2228,
    10714,
    0.20795221205898823
  ],
  "Keeper": [
    -567,
    5661,
    -0.10015898251192369
  ],
  "Infiltrate": [
    -103,
    6097,
    -0.016893554206987044
  ],
  "Con": [
    3104,
    12138,
    0.2557258197396606
  ],
  "Lookout": [
    669,
    2747,
    0.24353840553330908
  ],
  "Unveil": [
    3407,
    7719,
    0.44137841689338
  ],
  "Pickpocket": [
    -688,
    3902,
    -0.17631983598154793
  ],
  "Crushing Blow": [
    -42,
    566,
    -0.07420494699646643
  ],
  "Rioter": [
    -260,
    6216,
    -0.04182754182754183
  ],
  "Spy": [
    105,
    327,
    0.3211009174311927
  ],
  "Lurcher": [
    -187,
    6353,
    -0.02943491263969778
  ],
  "Obligator": [
    6,
    4210,
    0.0014251781472684087
  ],
  "Precise Shot": [
    -459,
    5215,
    -0.08801534036433366
  ],
  "Kandra": [
    197,
    5477,
    0.035968595946686145
  ],
  "Mercenary": [
    -342,
    7268,
    -0.04705558613098514
  ],
  "Subdue": [
    -222,
    5492,
    -0.04042243262927895
  ],
  "Tineye": [
    1533,
    6421,
    0.23874785858900482
  ],
  "Coppercloud": [
    -723,
    7451,
    -0.09703395517380217
  ],
  "Hyperaware": [
    618,
    1412,
    0.4376770538243626
  ],
  "Coinshot": [
    -290,
    6438,
    -0.04504504504504504
  ],
  "Pewterarm": [
    72,
    6490,
    0.011093990755007704
  ],
  "Rebel": [
    -603,
    3873,
    -0.15569326103795508
  ],
  "Rescue": [
    -14,
    3498,
    -0.004002287021154946
  ],
  "Ascendant": [
    -155,
    3427,
    -0.04522906332068865
  ],
  "Reposition": [
    -329,
    933,
    -0.35262593783494106
  ],
  "Inspire": [
    -921,
    4751,
    -0.19385392548937067
  ],
  "Recover": [
    -202,
    5816,
    -0.03473177441540578
  ],
  "Balance": [
    33,
    269,
    0.12267657992565056
  ],
  "Ironpull": [
    -498,
    5654,
    -0.08807923593915812
  ],
  "Soldier": [
    37,
    7659,
    0.004830917874396135
  ],
  "Soother": [
    1885,
    6349,
    0.2968971491573476
  ],
  "Pacify": [
    276,
    2100,
    0.13142857142857142
  ],
  "Pursue": [
    1938,
    5360,
    0.36156716417910445
  ],
  "Crewleader": [
    -36,
    2680,
    -0.013432835820895522
  ],
  "Inquisitor": [
    -254,
    5516,
    -0.046047860768672955
  ],
  "Brawl": [
    -216,
    1530,
    -0.1411764705882353
  ],
  "House War": [
    -9,
    815,
    -0.011042944785276074
  ],
  "Intimidate": [
    -337,
    4301,
    -0.07835387119274587
  ],
  "Assassinate": [
    -244,
    5276,
    -0.04624715693707354
  ],
  "Sneak": [
    113,
    1011,
    0.11177052423343224
  ],
  "Dominate": [
    369,
    1195,
    0.3087866108786611
  ],
  "Maelstrom": [
    4,
    742,
    0.005390835579514825
  ],
  "Preserve": [
    71,
    347,
    0.20461095100864554
  ],
  "Noble": [
    19,
    173,
    0.10982658959537572
  ],
  "Strike": [
    -26,
    76,
    -0.34210526315789475
  ],
  "Train In Secret": [
    2,
    8,
    0.25
  ],
  "Hunt": [
    3,
    57,
    0.05263157894736842
  ],
  "Ruin": [
    -4,
    10,
    -0.4
  ],
  "Hide": [
    -1,
    3,
    -0.3333333333333333
  ],
  "Eavesdrop": [
    -2,
    2,
    -1
  ],
  "Investigate": [
    1,
    7,
    0.14285714285714285
  ],
  "Smoker": [
    -1,
    7,
    -0.14285714285714285
  ],
  "Survive": [
    1,
    1,
    1
  ]
}