{
  "Infiltrate": [
    -227,
    3453,
    -0.06573993628728642
  ],
  "Iron Training": [
    35,
    26987,
    0.0012969207396153703
  ],
  "Keeper": [
    -253,
    3305,
    -0.07655068078668684
  ],
  "Pewter Training": [
    35,
    26987,
    0.0012969207396153703
  ],
  "Soother": [
    1362,
    3446,
    0.3952408589669182
  ],
  "Coinshot": [
    14,
    3338,
    0.004194128220491312
  ],
  "Bronze Training": [
    35,
    26987,
    0.0012969207396153703
  ],
  "Pursue": [
    765,
    3151,
    0.24278006981910505
  ],
  "Crash": [
    -362,
    4522,
    -0.0800530738611234
  ],
  "Brass Training": [
    35,
    26987,
    0.0012969207396153703
  ],
  "Investigate": [
    -175,
    311,
    -0.5627009646302251
  ],
  "Pickpocket": [
    -311,
    3733,
    -0.08331100991159925
  ],
  "Informant": [
    963,
    3813,
    0.25255704169944926
  ],
  "Unveil": [
    1459,
    4559,
    0.320026321561746
  ],
  "Funding": [
    -2609,
    7071,
    -0.36897185688021494
  ],
  "Intimidate": [
    -396,
    3098,
    -0.12782440284054228
  ],
  "Mercenary": [
    -186,
    4210,
    -0.044180522565320665
  ],
  "Steelpush": [
    858,
    6346,
    0.1352032776552159
  ],
  "Assassinate": [
    -208,
    3062,
    -0.06792945787067277
  ],
  "Strategize": [
    196,
    1450,
    0.13517241379310344
  ],
  "Soldier": [
    -54,
    4310,
    -0.012529002320185615
  ],
  "Houselord": [
    29,
    4303,
    0.006739484080873809
  ],
  "Kandra": [
    254,
    2774,
    0.09156452775775054
  ],
  "Subdue": [
    -451,
    3495,
    -0.1290414878397711
  ],
  "Lurcher": [
    -53,
    3393,
    -0.015620394930739759
  ],
  "Coppercloud": [
    -9,
    6093,
    -0.0014771048744460858
  ],
  "Hazekillers": [
    -191,
    7597,
    -0.02514150322495722
  ],
  "Soar": [
    819,
    7729,
    0.10596454910078923
  ],
  "Charm": [
    -242,
    3396,
    -0.0712603062426384
  ],
  "Rioter": [
    94,
    3322,
    0.028296207104154123
  ],
  "Ironpull": [
    -177,
    5073,
    -0.03489059727971614
  ],
  "Obligator": [
    -71,
    3541,
    -0.02005083309799492
  ],
  "Deceive": [
    -283,
    6013,
    -0.04706469316480958
  ],
  "Ascendant": [
    -31,
    1855,
    -0.016711590296495958
  ],
  "Rebel": [
    -397,
    3689,
    -0.10761724044456493
  ],
  "Con": [
    1105,
    6877,
    0.16068052930056712
  ],
  "Enrage": [
    -164,
    6606,
    -0.02482591583409022
  ],
  "Recover": [
    57,
    3527,
    0.016161043379642755
  ],
  "Inquisitor": [
    -28,
    2744,
    -0.01020408163265306
  ],
  "Strike": [
    -401,
    2255,
    -0.1778270509977827
  ],
  "House War": [
    65,
    731,
    0.08891928864569083
  ],
  "Precise Shot": [
    -354,
    3054,
    -0.11591355599214145
  ],
  "Sneak": [
    -1,
    811,
    -0.0012330456226880395
  ],
  "Reposition": [
    -227,
    993,
    -0.22860020140986909
  ],
  "Seeker": [
    774,
    3422,
    0.2261835184102864
  ],
  "Tineye": [
    1153,
    3377,
    0.3414273023393545
  ],
  "Inspire": [
    -278,
    4582,
    -0.060672195547795724
  ],
  "Pierce": [
    800,
    1904,
    0.42016806722689076
  ],
  "Crewleader": [
    -18,
    2484,
    -0.007246376811594203
  ],
  "Hunt": [
    -69,
    161,
    -0.42857142857142855
  ],
  "Brawl": [
    -45,
    1587,
    -0.02835538752362949
  ],
  "Dominate": [
    192,
    1332,
    0.14414414414414414
  ],
  "Noble": [
    -255,
    2099,
    -0.12148642210576464
  ],
  "Crushing Blow": [
    22,
    348,
    0.06321839080459771
  ],
  "Pewterarm": [
    186,
    3450,
    0.05391304347826087
  ],
  "Rescue": [
    8,
    2524,
    0.003169572107765452
  ],
  "Pacify": [
    160,
    2380,
    0.06722689075630252
  ],
  "Lookout": [
    341,
    2041,
    0.1670749632533072
  ],
  "Hyperaware": [
    374,
    940,
    0.39787234042553193
  ],
  "Balance": [
    26,
    164,
    0.15853658536585366
  ],
  "Maelstrom": [
    80,
    476,
    0.16806722689075632
  ],
  "Smoker": [
    15,
    75,
    0.2
  ],
  "Spy": [
    -7,
    207,
    -0.033816425120772944
  ],
  "Preserve": [
    19,
    173,
    0.10982658959537572
  ],
  "Eavesdrop": [
    -3,
    5,
    -0.6
  ],
  "Train In Secret": [
    -8,
    40,
    -0.2
  ],
  "Ruin": [
    -2,
    24,
    -0.08333333333333333
  ],
  "Hide": [
    -2,
    2,
    -1
  ],
  "Survive": [
    1,
    3,
    0.3333333333333333
  ]
}