{
  "Funding": [
    -4874,
    41672,
    -0.1169610289882895
  ],
  "Steel Training": [
    43,
    52719,
    0.0008156452133007075
  ],
  "Enrage": [
    379,
    10947,
    0.03462135744952955
  ],
  "Zinc Training": [
    43,
    52719,
    0.0008156452133007075
  ],
  "Tin Training": [
    43,
    52719,
    0.0008156452133007075
  ],
  "Copper Training": [
    43,
    52719,
    0.0008156452133007075
  ],
  "Lurcher": [
    113,
    7687,
    0.01470014309873813
  ],
  "Intimidate": [
    -486,
    5730,
    -0.08481675392670157
  ],
  "Informant": [
    933,
    7679,
    0.12150019533793463
  ],
  "Pewterarm": [
    386,
    7898,
    0.04887313243859205
  ],
  "Keeper": [
    -969,
    4869,
    -0.19901417128773877
  ],
  "Ascendant": [
    253,
    3801,
    0.06656143120231518
  ],
  "Deceive": [
    565,
    10259,
    0.05507359391753582
  ],
  "Inspire": [
    -634,
    6012,
    -0.10545575515635396
  ],
  "Coinshot": [
    91,
    7623,
    0.011937557392102846
  ],
  "Soldier": [
    397,
    8421,
    0.04714404465027906
  ],
  "Dominate": [
    401,
    2139,
    0.18747078073866294
  ],
  "Houselord": [
    95,
    8445,
    0.011249259917110717
  ],
  "Pacify": [
    472,
    2726,
    0.1731474688187821
  ],
  "Strategize": [
    799,
    2901,
    0.27542226818338506
  ],
  "Hazekillers": [
    531,
    15421,
    0.03443356461967447
  ],
  "Pierce": [
    1973,
    3705,
    0.5325236167341431
  ],
  "Mercenary": [
    219,
    8133,
    0.026927333087421616
  ],
  "Soother": [
    2199,
    7771,
    0.28297516407154805
  ],
  "Crewleader": [
    -375,
    5829,
    -0.06433350488934637
  ],
  "Lookout": [
    104,
    2784,
    0.03735632183908046
  ],
  "Subdue": [
    -161,
    5635,
    -0.02857142857142857
  ],
  "Soar": [
    2356,
    14724,
    0.1600108666123336
  ],
  "Pickpocket": [
    -508,
    4090,
    -0.12420537897310513
  ],
  "Tineye": [
    1127,
    7919,
    0.1423159489834575
  ],
  "Kandra": [
    316,
    6750,
    0.046814814814814816
  ],
  "Rioter": [
    354,
    7682,
    0.04608174954438948
  ],
  "Unveil": [
    3380,
    7854,
    0.4303539597657245
  ],
  "Crash": [
    69,
    6757,
    0.010211632381234275
  ],
  "Rebel": [
    -367,
    6883,
    -0.05331977335464187
  ],
  "Seeker": [
    1075,
    7753,
    0.13865600412743453
  ],
  "Preserve": [
    72,
    346,
    0.20809248554913296
  ],
  "Inquisitor": [
    -87,
    7347,
    -0.011841567986933442
  ],
  "Recover": [
    -38,
    5692,
    -0.0066760365425158116
  ],
  "Con": [
    2794,
    12346,
    0.2263081159889843
  ],
  "Assassinate": [
    -95,
    5115,
    -0.01857282502443793
  ],
  "Ironpull": [
    -598,
    4868,
    -0.1228430566967954
  ],
  "Reposition": [
    -290,
    964,
    -0.3008298755186722
  ],
  "Brawl": [
    -19,
    1387,
    -0.0136986301369863
  ],
  "Obligator": [
    -243,
    4027,
    -0.060342686863670225
  ],
  "Coppercloud": [
    -770,
    5808,
    -0.13257575757575757
  ],
  "Steelpush": [
    2284,
    11024,
    0.2071843251088534
  ],
  "Rescue": [
    340,
    3398,
    0.10005885815185403
  ],
  "Charm": [
    -142,
    6012,
    -0.023619427811044577
  ],
  "Pursue": [
    1879,
    5405,
    0.34764107308048103
  ],
  "Infiltrate": [
    781,
    5863,
    0.13320825515947468
  ],
  "Precise Shot": [
    -176,
    5378,
    -0.03272592041651171
  ],
  "Hyperaware": [
    470,
    1378,
    0.34107402031930334
  ],
  "Balance": [
    60,
    272,
    0.22058823529411764
  ],
  "Maelstrom": [
    81,
    673,
    0.12035661218424963
  ],
  "Strike": [
    -627,
    2659,
    -0.23580293343362166
  ],
  "House War": [
    211,
    1379,
    0.15300942712110224
  ],
  "Sneak": [
    31,
    935,
    0.033155080213903745
  ],
  "Noble": [
    -2,
    178,
    -0.011235955056179775
  ],
  "Crushing Blow": [
    81,
    549,
    0.14754098360655737
  ],
  "Spy": [
    21,
    265,
    0.07924528301886792
  ],
  "Ruin": [
    -2,
    12,
    -0.16666666666666666
  ],
  "Hunt": [
    -4,
    8,
    -0.5
  ],
  "Eavesdrop": [
    -5,
    5,
    -1
  ],
  "Hide": [
    0,
    2,
    0
  ],
  "Smoker": [
    -4,
    4,
    -1
  ],
  "Investigate": [
    -3,
    5,
    -0.6
  ],
  "Train In Secret": [
    2,
    2,
    1
  ]
}