{
  "Coppercloud": [
    -345,
    3205,
    -0.10764430577223089
  ],
  "Tin Training": [
    33,
    25183,
    0.0013104078147956955
  ],
  "Keeper": [
    -236,
    1870,
    -0.12620320855614972
  ],
  "Copper Training": [
    33,
    25183,
    0.0013104078147956955
  ],
  "Zinc Training": [
    33,
    25183,
    0.0013104078147956955
  ],
  "Crushing Blow": [
    57,
    327,
    0.1743119266055046
  ],
  "Funding": [
    -2175,
    20233,
    -0.10749765235012108
  ],
  "Steel Training": [
    33,
    25183,
    0.0013104078147956955
  ],
  "Soldier": [
    52,
    4028,
    0.012909632571996028
  ],
  "Infiltrate": [
    267,
    2931,
    0.09109518935516889
  ],
  "Con": [
    1083,
    6115,
    0.17710547833197057
  ],
  "Pursue": [
    782,
    2714,
    0.288135593220339
  ],
  "Kandra": [
    238,
    3340,
    0.07125748502994012
  ],
  "Intimidate": [
    -343,
    2875,
    -0.11930434782608695
  ],
  "Pacify": [
    183,
    1453,
    0.1259463179628355
  ],
  "House War": [
    124,
    756,
    0.164021164021164
  ],
  "Steelpush": [
    916,
    5588,
    0.1639226914817466
  ],
  "Precise Shot": [
    -166,
    2644,
    -0.06278366111951589
  ],
  "Hazekillers": [
    -210,
    7502,
    -0.027992535323913624
  ],
  "Tineye": [
    969,
    3843,
    0.25214676034348166
  ],
  "Reposition": [
    -150,
    542,
    -0.2767527675276753
  ],
  "Charm": [
    -149,
    3053,
    -0.04880445463478546
  ],
  "Dominate": [
    111,
    1147,
    0.0967741935483871
  ],
  "Crewleader": [
    -82,
    2840,
    -0.028873239436619718
  ],
  "Lurcher": [
    43,
    3683,
    0.011675264729839804
  ],
  "Houselord": [
    -2,
    4132,
    -0.000484027105517909
  ],
  "Mercenary": [
    21,
    4007,
    0.005240828550037434
  ],
  "Rioter": [
    126,
    3650,
    0.03452054794520548
  ],
  "Inquisitor": [
    -70,
    3508,
    -0.019954389965792473
  ],
  "Soother": [
    1318,
    3864,
    0.34109730848861286
  ],
  "Enrage": [
    393,
    5585,
    0.07036705461056401
  ],
  "Rebel": [
    -34,
    3490,
    -0.009742120343839542
  ],
  "Deceive": [
    65,
    5107,
    0.012727628744859996
  ],
  "Seeker": [
    609,
    3831,
    0.15896632732967894
  ],
  "Ironpull": [
    -318,
    2660,
    -0.11954887218045113
  ],
  "Soar": [
    953,
    7109,
    0.13405542270361515
  ],
  "Strike": [
    -259,
    1413,
    -0.18329794762915783
  ],
  "Pewterarm": [
    215,
    3679,
    0.058439793422125574
  ],
  "Pierce": [
    741,
    1915,
    0.38694516971279375
  ],
  "Informant": [
    771,
    3835,
    0.20104302477183833
  ],
  "Crash": [
    -168,
    3546,
    -0.047377326565143825
  ],
  "Ascendant": [
    40,
    1998,
    0.02002002002002002
  ],
  "Subdue": [
    -113,
    2919,
    -0.03871188763275094
  ],
  "Pickpocket": [
    -253,
    2043,
    -0.12383749388154675
  ],
  "Coinshot": [
    259,
    3777,
    0.0685729414879534
  ],
  "Inspire": [
    -203,
    3185,
    -0.06373626373626373
  ],
  "Lookout": [
    1,
    1465,
    0.0006825938566552901
  ],
  "Recover": [
    19,
    2875,
    0.006608695652173913
  ],
  "Assassinate": [
    -122,
    2536,
    -0.04810725552050473
  ],
  "Unveil": [
    1533,
    4027,
    0.3806804072510554
  ],
  "Obligator": [
    -51,
    1943,
    -0.02624806999485332
  ],
  "Rescue": [
    136,
    1770,
    0.0768361581920904
  ],
  "Brawl": [
    -9,
    809,
    -0.011124845488257108
  ],
  "Strategize": [
    232,
    1632,
    0.14215686274509803
  ],
  "Noble": [
    23,
    109,
    0.21100917431192662
  ],
  "Maelstrom": [
    61,
    373,
    0.16353887399463807
  ],
  "Spy": [
    6,
    168,
    0.03571428571428571
  ],
  "Hyperaware": [
    180,
    746,
    0.24128686327077747
  ],
  "Sneak": [
    -26,
    486,
    -0.053497942386831275
  ],
  "Preserve": [
    34,
    214,
    0.1588785046728972
  ],
  "Balance": [
    34,
    172,
    0.19767441860465115
  ],
  "Investigate": [
    3,
    11,
    0.2727272727272727
  ],
  "Train In Secret": [
    2,
    4,
    0.5
  ],
  "Hide": [
    -1,
    1,
    -1
  ],
  "Ruin": [
    2,
    2,
    1
  ],
  "Smoker": [
    -1,
    1,
    -1
  ],
  "Survive": [
    -3,
    3,
    -1
  ],
  "Hunt": [
    0,
    6,
    0
  ]
}