{
  "Bronze Training": [
    54,
    25712,
    0.0021001866832607344
  ],
  "Brass Training": [
    54,
    25712,
    0.0021001866832607344
  ],
  "Funding": [
    -2216,
    20216,
    -0.10961614562722596
  ],
  "Intimidate": [
    -236,
    2108,
    -0.11195445920303605
  ],
  "Hazekillers": [
    -247,
    7435,
    -0.033221250840618693
  ],
  "Pickpocket": [
    -167,
    3405,
    -0.04904552129221733
  ],
  "Iron Training": [
    54,
    25712,
    0.0021001866832607344
  ],
  "Precise Shot": [
    -316,
    2526,
    -0.1250989707046714
  ],
  "Pewter Training": [
    54,
    25712,
    0.0021001866832607344
  ],
  "Kandra": [
    245,
    3055,
    0.08019639934533551
  ],
  "Enrage": [
    -91,
    5233,
    -0.017389642652398243
  ],
  "Pursue": [
    759,
    2669,
    0.2843761708505058
  ],
  "Soother": [
    1333,
    3575,
    0.37286713286713286
  ],
  "Brawl": [
    181,
    1261,
    0.14353687549563837
  ],
  "Strike": [
    -133,
    2495,
    -0.05330661322645291
  ],
  "Deceive": [
    -108,
    4662,
    -0.023166023166023165
  ],
  "Hyperaware": [
    313,
    953,
    0.3284365162644281
  ],
  "Steelpush": [
    753,
    5375,
    0.14009302325581396
  ],
  "Houselord": [
    47,
    4031,
    0.011659637806995783
  ],
  "Rescue": [
    58,
    1674,
    0.03464755077658303
  ],
  "Crewleader": [
    31,
    2619,
    0.011836578846888126
  ],
  "Inspire": [
    -362,
    1862,
    -0.19441460794844254
  ],
  "Rebel": [
    -279,
    3253,
    -0.08576698432216416
  ],
  "Seeker": [
    734,
    3472,
    0.21140552995391704
  ],
  "Tineye": [
    1018,
    3534,
    0.288058856819468
  ],
  "Strategize": [
    291,
    1111,
    0.2619261926192619
  ],
  "Soar": [
    1074,
    6946,
    0.1546213648142816
  ],
  "Informant": [
    798,
    3544,
    0.22516930022573364
  ],
  "Rioter": [
    -5,
    3469,
    -0.0014413375612568463
  ],
  "Mercenary": [
    -126,
    3926,
    -0.032093734080489045
  ],
  "Pierce": [
    734,
    1732,
    0.4237875288683603
  ],
  "Assassinate": [
    -134,
    2524,
    -0.05309033280507131
  ],
  "Ascendant": [
    19,
    1709,
    0.011117612638970159
  ],
  "Lurcher": [
    40,
    3482,
    0.011487650775416428
  ],
  "Unveil": [
    1402,
    3680,
    0.3809782608695652
  ],
  "Recover": [
    220,
    2900,
    0.07586206896551724
  ],
  "Coppercloud": [
    21,
    4127,
    0.005088441967530894
  ],
  "Obligator": [
    37,
    2935,
    0.012606473594548553
  ],
  "Subdue": [
    -177,
    2807,
    -0.06305664410402564
  ],
  "Soldier": [
    102,
    4064,
    0.025098425196850394
  ],
  "Infiltrate": [
    -148,
    2820,
    -0.0524822695035461
  ],
  "Con": [
    1156,
    6028,
    0.19177173191771732
  ],
  "Keeper": [
    -159,
    2167,
    -0.07337332718043378
  ],
  "Inquisitor": [
    -32,
    3168,
    -0.010101010101010102
  ],
  "Investigate": [
    -258,
    676,
    -0.3816568047337278
  ],
  "Ironpull": [
    -259,
    2843,
    -0.09110094970102005
  ],
  "Preserve": [
    17,
    75,
    0.22666666666666666
  ],
  "Pewterarm": [
    188,
    3598,
    0.05225125069483046
  ],
  "Charm": [
    -188,
    2646,
    -0.0710506424792139
  ],
  "Crash": [
    -167,
    3103,
    -0.05381888495004834
  ],
  "Dominate": [
    119,
    493,
    0.2413793103448276
  ],
  "Coinshot": [
    -40,
    3518,
    -0.01137009664582149
  ],
  "Pacify": [
    146,
    1158,
    0.12607944732297063
  ],
  "Reposition": [
    -69,
    645,
    -0.10697674418604651
  ],
  "Noble": [
    -223,
    1955,
    -0.11406649616368286
  ],
  "Maelstrom": [
    28,
    220,
    0.12727272727272726
  ],
  "Crushing Blow": [
    90,
    420,
    0.21428571428571427
  ],
  "Lookout": [
    209,
    1475,
    0.14169491525423727
  ],
  "Survive": [
    -9,
    33,
    -0.2727272727272727
  ],
  "Sneak": [
    119,
    531,
    0.224105461393597
  ],
  "Smoker": [
    4,
    32,
    0.125
  ],
  "Spy": [
    16,
    188,
    0.0851063829787234
  ],
  "Hunt": [
    -106,
    326,
    -0.32515337423312884
  ],
  "Balance": [
    10,
    68,
    0.14705882352941177
  ],
  "House War": [
    32,
    242,
    0.1322314049586777
  ],
  "Eavesdrop": [
    1,
    3,
    0.3333333333333333
  ],
  "Train In Secret": [
    -1,
    1,
    -1
  ],
  "Ruin": [
    -1,
    1,
    -1
  ]
}