{
  "Funding": [
    -5239,
    40741,
    -0.12859281804570336
  ],
  "Bronze Training": [
    41,
    52781,
    0.0007767946799037532
  ],
  "Lurcher": [
    -160,
    6836,
    -0.023405500292568753
  ],
  "Enrage": [
    -639,
    10111,
    -0.06319849668677678
  ],
  "Iron Training": [
    41,
    52781,
    0.0007767946799037532
  ],
  "Hazekillers": [
    520,
    14882,
    0.03494154011557586
  ],
  "Informant": [
    950,
    7144,
    0.13297872340425532
  ],
  "Pewter Training": [
    41,
    52781,
    0.0007767946799037532
  ],
  "Obligator": [
    87,
    5707,
    0.01524443665673734
  ],
  "Brass Training": [
    41,
    52781,
    0.0007767946799037532
  ],
  "Pierce": [
    1727,
    3101,
    0.5569171235085456
  ],
  "Strategize": [
    416,
    2018,
    0.20614469772051536
  ],
  "Steelpush": [
    2276,
    10260,
    0.22183235867446394
  ],
  "Deceive": [
    567,
    8523,
    0.0665258711721225
  ],
  "Keeper": [
    -694,
    5080,
    -0.13661417322834646
  ],
  "Rioter": [
    -241,
    6877,
    -0.03504435073433183
  ],
  "Soldier": [
    285,
    8191,
    0.034794286411915516
  ],
  "Pursue": [
    2009,
    5051,
    0.39774302118392396
  ],
  "Inquisitor": [
    -249,
    6147,
    -0.04050756466569058
  ],
  "Strike": [
    -286,
    4440,
    -0.06441441441441441
  ],
  "Pewterarm": [
    330,
    7054,
    0.04678196767791324
  ],
  "Ironpull": [
    -579,
    4985,
    -0.11614844533600803
  ],
  "Kandra": [
    200,
    5844,
    0.034223134839151265
  ],
  "Mercenary": [
    -24,
    7878,
    -0.0030464584920030465
  ],
  "Noble": [
    -398,
    4020,
    -0.09900497512437811
  ],
  "Houselord": [
    -112,
    8030,
    -0.013947696139476962
  ],
  "Soother": [
    1479,
    6837,
    0.21632294866169371
  ],
  "Precise Shot": [
    -528,
    5046,
    -0.10463733650416171
  ],
  "Lookout": [
    786,
    2754,
    0.28540305010893247
  ],
  "Coinshot": [
    -296,
    6854,
    -0.04318646046104464
  ],
  "Subdue": [
    -34,
    5198,
    -0.006540977298961139
  ],
  "Rescue": [
    86,
    3084,
    0.027885862516212712
  ],
  "Assassinate": [
    -280,
    4716,
    -0.05937234944868533
  ],
  "Crash": [
    -79,
    5559,
    -0.014211189062781076
  ],
  "Dominate": [
    305,
    825,
    0.3696969696969697
  ],
  "Intimidate": [
    -251,
    3805,
    -0.0659658344283837
  ],
  "Con": [
    3043,
    11759,
    0.25878050854664514
  ],
  "Rebel": [
    -530,
    6358,
    -0.0833595470273671
  ],
  "Soar": [
    2890,
    13642,
    0.2118457704148952
  ],
  "Seeker": [
    879,
    6687,
    0.13144908030506955
  ],
  "Charm": [
    -229,
    4931,
    -0.04644088420198743
  ],
  "Coppercloud": [
    -129,
    7811,
    -0.01651517091281526
  ],
  "Tineye": [
    1097,
    7063,
    0.15531643777431686
  ],
  "House War": [
    31,
    375,
    0.08266666666666667
  ],
  "Unveil": [
    3289,
    6805,
    0.48332108743570906
  ],
  "Infiltrate": [
    -346,
    5450,
    -0.06348623853211009
  ],
  "Pacify": [
    413,
    2081,
    0.19846227775108122
  ],
  "Recover": [
    118,
    5490,
    0.021493624772313296
  ],
  "Pickpocket": [
    -297,
    6475,
    -0.04586872586872587
  ],
  "Spy": [
    99,
    301,
    0.3289036544850498
  ],
  "Inspire": [
    -649,
    3381,
    -0.1919550428867199
  ],
  "Hunt": [
    -282,
    712,
    -0.3960674157303371
  ],
  "Ascendant": [
    45,
    3075,
    0.014634146341463415
  ],
  "Crewleader": [
    -233,
    5077,
    -0.045893244041756945
  ],
  "Sneak": [
    211,
    1019,
    0.2070657507360157
  ],
  "Brawl": [
    216,
    2256,
    0.09574468085106383
  ],
  "Hyperaware": [
    713,
    1615,
    0.44148606811145513
  ],
  "Reposition": [
    -199,
    987,
    -0.2016210739614995
  ],
  "Crushing Blow": [
    181,
    701,
    0.2582025677603424
  ],
  "Preserve": [
    57,
    147,
    0.3877551020408163
  ],
  "Investigate": [
    -423,
    1159,
    -0.36496980155306297
  ],
  "Maelstrom": [
    54,
    348,
    0.15517241379310345
  ],
  "Train In Secret": [
    0,
    6,
    0
  ],
  "Eavesdrop": [
    -3,
    7,
    -0.42857142857142855
  ],
  "Balance": [
    18,
    104,
    0.17307692307692307
  ],
  "Survive": [
    -19,
    49,
    -0.3877551020408163
  ],
  "Smoker": [
    -9,
    77,
    -0.11688311688311688
  ],
  "Ruin": [
    0,
    10,
    0
  ],
  "Hide": [
    -2,
    2,
    -1
  ]
}