{
    "Funding": [
        -6530,
        105642,
        -0.061812536680486925
    ],
    "Zinc Training": [
        1578,
        37158,
        0.042467301792346195
    ],
    "Strategize": [
        1027,
        6547,
        0.15686574003360318
    ],
    "Crash": [
        315,
        11943,
        0.02637528259231349
    ],
    "Hyperaware": [
        858,
        6464,
        0.1327351485148515
    ],
    "Strike": [
        676,
        14798,
        0.0456818488984998
    ],
    "Soar": [
        -421,
        13919,
        -0.030246425748976218
    ],
    "Coppercloud": [
        -300,
        14772,
        -0.020308692120227456
    ],
    "Tin Training": [
        1929,
        37261,
        0.051769947129706666
    ],
    "Soldier": [
        -1056,
        5530,
        -0.19095840867992767
    ],
    "Mercenary": [
        -1270,
        5202,
        -0.2441368704344483
    ],
    "Investigate": [
        -1581,
        14347,
        -0.11019725378127831
    ],
    "Copper Training": [
        1551,
        37213,
        0.04167898315104936
    ],
    "Steel Training": [
        1673,
        37189,
        0.04498642071580306
    ],
    "Inspire": [
        -356,
        14100,
        -0.02524822695035461
    ],
    "Ironpull": [
        84,
        14878,
        0.0056459201505578704
    ],
    "Pacify": [
        995,
        6021,
        0.1652549410396944
    ],
    "Spy": [
        651,
        4067,
        0.16006884681583478
    ],
    "Train In Secret": [
        909,
        5937,
        0.1531076301162203
    ],
    "Eavesdrop": [
        -1985,
        14251,
        -0.13928847098449232
    ],
    "Hide": [
        -216,
        11796,
        -0.018311291963377416
    ],
    "Unveil": [
        2899,
        8153,
        0.35557463510364284
    ],
    "Enrage": [
        -53,
        14599,
        -0.00363038564285225
    ],
    "Subdue": [
        -180,
        6886,
        -0.026139994191112403
    ],
    "Pursue": [
        1510,
        7228,
        0.2089097952407305
    ],
    "Preserve": [
        705,
        4099,
        0.17199316906562576
    ],
    "Lurcher": [
        -428,
        2792,
        -0.15329512893982808
    ],
    "Steelpush": [
        3332,
        14386,
        0.23161406923397748
    ],
    "Con": [
        1515,
        14563,
        0.10403076289226121
    ],
    "Lookout": [
        1036,
        5976,
        0.17336010709504684
    ],
    "Balance": [
        767,
        4159,
        0.18441933157008897
    ],
    "House War": [
        396,
        6286,
        0.06299713649379574
    ],
    "Sneak": [
        1144,
        7292,
        0.1568842567196928
    ],
    "Houselord": [
        -1426,
        5380,
        -0.2650557620817844
    ],
    "Pierce": [
        1598,
        6400,
        0.2496875
    ],
    "Assassinate": [
        620,
        6862,
        0.09035266686097347
    ],
    "Charm": [
        -237,
        7029,
        -0.03371745625266752
    ],
    "Crewleader": [
        -160,
        1844,
        -0.08676789587852494
    ],
    "Pickpocket": [
        -1353,
        5435,
        -0.24894204231830727
    ],
    "Deceive": [
        1545,
        11719,
        0.1318371874733339
    ],
    "Infiltrate": [
        931,
        7269,
        0.12807814004677398
    ],
    "Rebel": [
        -1320,
        5288,
        -0.24962178517397882
    ],
    "Keeper": [
        -1336,
        5416,
        -0.2466765140324963
    ],
    "Hunt": [
        -605,
        14541,
        -0.04160649198817138
    ],
    "Ascendant": [
        240,
        6512,
        0.036855036855036855
    ],
    "Noble": [
        -1128,
        5334,
        -0.21147356580427445
    ],
    "Ruin": [
        625,
        4055,
        0.15413070283600494
    ],
    "Recover": [
        87,
        7271,
        0.011965341768670059
    ],
    "Survive": [
        -564,
        11652,
        -0.04840370751802266
    ],
    "Intimidate": [
        -101,
        7191,
        -0.014045334445835072
    ],
    "Hazekillers": [
        -1542,
        8840,
        -0.17443438914027148
    ],
    "Informant": [
        -1023,
        5101,
        -0.20054891197804353
    ],
    "Pewterarm": [
        -370,
        2934,
        -0.12610770279481937
    ],
    "Seeker": [
        -377,
        2715,
        -0.13885819521178638
    ],
    "Tineye": [
        -230,
        2638,
        -0.08718726307808947
    ],
    "Soother": [
        -222,
        2646,
        -0.08390022675736962
    ],
    "Precise Shot": [
        522,
        6824,
        0.0764947245017585
    ],
    "Obligator": [
        -1228,
        5408,
        -0.22707100591715976
    ],
    "Crushing Blow": [
        916,
        6396,
        0.1432145090681676
    ],
    "Reposition": [
        93,
        7245,
        0.012836438923395446
    ],
    "Brawl": [
        691,
        6051,
        0.11419600066104776
    ],
    "Maelstrom": [
        696,
        6412,
        0.10854647535870243
    ],
    "Rescue": [
        623,
        6195,
        0.10056497175141244
    ],
    "Coinshot": [
        -428,
        2736,
        -0.1564327485380117
    ],
    "Dominate": [
        493,
        6167,
        0.07994162477703907
    ],
    "Smoker": [
        -565,
        2837,
        -0.19915403595347198
    ],
    "Confrontation": [
        705,
        3069,
        0.22971652003910067
    ],
    "Rioter": [
        -403,
        2811,
        -0.14336535040910708
    ],
    "Kandra": [
        -35,
        1649,
        -0.021224984839296544
    ],
    "Inquisitor": [
        -45,
        1647,
        -0.0273224043715847
    ],
    "Pewter Training": [
        11,
        119,
        0.09243697478991597
    ],
    "Iron Training": [
        0,
        136,
        0.0
    ],
    "Brass Training": [
        19,
        135,
        0.14074074074074075
    ],
    "Bronze Training": [
        21,
        127,
        0.16535433070866143
    ]
}