{
    "Steelpush": [
        1075,
        12265,
        0.08764777823073787
    ],
    "Hunt": [
        -3235,
        12497,
        -0.2588621269104585
    ],
    "Reposition": [
        -1271,
        5967,
        -0.2130048600636836
    ],
    "Soar": [
        -3665,
        12035,
        -0.30452845866223516
    ],
    "Pewter Training": [
        -5842,
        31702,
        -0.18427859441044728
    ],
    "Iron Training": [
        -6033,
        31699,
        -0.19032146124483423
    ],
    "Brass Training": [
        -5630,
        31456,
        -0.17898016276703968
    ],
    "House War": [
        -430,
        5150,
        -0.08349514563106795
    ],
    "Bronze Training": [
        -4964,
        31862,
        -0.15579687401920783
    ],
    "Charm": [
        -1223,
        5893,
        -0.207534362803326
    ],
    "Ironpull": [
        -2801,
        12553,
        -0.22313391221222018
    ],
    "Coppercloud": [
        -2835,
        12723,
        -0.22282480547040792
    ],
    "Assassinate": [
        -1075,
        5863,
        -0.18335323213371993
    ],
    "Funding": [
        -6756,
        11158,
        -0.6054848539164724
    ],
    "Strategize": [
        195,
        5303,
        0.036771638695078254
    ],
    "Hide": [
        -2321,
        9931,
        -0.2337126170576981
    ],
    "Rebel": [
        -2271,
        4543,
        -0.49988994056790664
    ],
    "Steel Training": [
        -18,
        86,
        -0.20930232558139536
    ],
    "Keeper": [
        -2356,
        4476,
        -0.5263628239499554
    ],
    "Sneak": [
        -122,
        6108,
        -0.01997380484610347
    ],
    "Con": [
        -1370,
        12342,
        -0.11100307891751741
    ],
    "Houselord": [
        -2127,
        4407,
        -0.48264125255275697
    ],
    "Rioter": [
        -863,
        2221,
        -0.3885637100405223
    ],
    "Crushing Blow": [
        -452,
        5214,
        -0.08668968162639049
    ],
    "Pierce": [
        501,
        5329,
        0.09401388628260461
    ],
    "Coinshot": [
        -878,
        2182,
        -0.40238313473877174
    ],
    "Smoker": [
        -1062,
        2334,
        -0.455012853470437
    ],
    "Hyperaware": [
        110,
        5374,
        0.020468924451060664
    ],
    "Crash": [
        -1729,
        10023,
        -0.17250324254215305
    ],
    "Investigate": [
        -3969,
        12113,
        -0.32766449269380005
    ],
    "Brawl": [
        -612,
        5000,
        -0.1224
    ],
    "Strike": [
        -2462,
        12768,
        -0.19282581453634084
    ],
    "Subdue": [
        -1378,
        5708,
        -0.24141555711282411
    ],
    "Ruin": [
        103,
        3359,
        0.030663888061923193
    ],
    "Pacify": [
        -51,
        4673,
        -0.01091375989728226
    ],
    "Rescue": [
        -576,
        5026,
        -0.11460405889375248
    ],
    "Balance": [
        294,
        3258,
        0.09023941068139964
    ],
    "Unveil": [
        1480,
        6700,
        0.2208955223880597
    ],
    "Recover": [
        -1224,
        6318,
        -0.19373219373219372
    ],
    "Obligator": [
        -2232,
        4456,
        -0.5008976660682226
    ],
    "Tineye": [
        -749,
        2131,
        -0.35147817925856406
    ],
    "Survive": [
        -2242,
        9614,
        -0.233201581027668
    ],
    "Inspire": [
        -2781,
        12081,
        -0.2301961758132605
    ],
    "Informant": [
        -1961,
        4227,
        -0.4639224035959309
    ],
    "Soother": [
        -623,
        1975,
        -0.31544303797468354
    ],
    "Maelstrom": [
        -694,
        5206,
        -0.13330772185939302
    ],
    "Train In Secret": [
        130,
        4906,
        0.026498165511618425
    ],
    "Noble": [
        -2195,
        4515,
        -0.48615725359911405
    ],
    "Eavesdrop": [
        -4032,
        12138,
        -0.33217993079584773
    ],
    "Intimidate": [
        -1160,
        5916,
        -0.19607843137254902
    ],
    "Spy": [
        210,
        3248,
        0.06465517241379311
    ],
    "Pursue": [
        228,
        6072,
        0.037549407114624504
    ],
    "Enrage": [
        -2625,
        12707,
        -0.2065790509168175
    ],
    "Deceive": [
        -1010,
        9460,
        -0.10676532769556026
    ],
    "Seeker": [
        -775,
        2193,
        -0.3533971728226174
    ],
    "Lookout": [
        311,
        4927,
        0.06312157499492592
    ],
    "Soldier": [
        -2176,
        4576,
        -0.4755244755244755
    ],
    "Pickpocket": [
        -2243,
        4407,
        -0.5089630133877922
    ],
    "Precise Shot": [
        -1225,
        5853,
        -0.2092943789509653
    ],
    "Hazekillers": [
        -3057,
        6905,
        -0.44272266473569877
    ],
    "Pewterarm": [
        -968,
        2372,
        -0.40809443507588533
    ],
    "Ascendant": [
        -926,
        5302,
        -0.17465107506601282
    ],
    "Dominate": [
        -629,
        5121,
        -0.12282757273969928
    ],
    "Kandra": [
        -345,
        1259,
        -0.27402700555996823
    ],
    "Preserve": [
        357,
        3193,
        0.111807077983088
    ],
    "Mercenary": [
        -2256,
        4434,
        -0.5087956698240866
    ],
    "Infiltrate": [
        -522,
        6096,
        -0.08562992125984252
    ],
    "Lurcher": [
        -846,
        2138,
        -0.39569691300280635
    ],
    "Confrontation": [
        278,
        2480,
        0.11209677419354838
    ],
    "Crewleader": [
        -344,
        1404,
        -0.245014245014245
    ],
    "Copper Training": [
        -34,
        88,
        -0.38636363636363635
    ],
    "Inquisitor": [
        -360,
        1256,
        -0.28662420382165604
    ],
    "Tin Training": [
        -15,
        83,
        -0.18072289156626506
    ],
    "Zinc Training": [
        -32,
        86,
        -0.37209302325581395
    ]
}