{
    "Pierce": [
        543,
        8253,
        0.06579425663395129
    ],
    "Dominate": [
        -741,
        8187,
        -0.09050934408208135
    ],
    "Funding": [
        -37435,
        104685,
        -0.35759659932177484
    ],
    "Steel Training": [
        -7253,
        37217,
        -0.1948840583604267
    ],
    "Soldier": [
        -2565,
        7367,
        -0.34817429075607437
    ],
    "Rebel": [
        -2559,
        6991,
        -0.36604205406951795
    ],
    "Spy": [
        -376,
        7128,
        -0.052749719416386086
    ],
    "Intimidate": [
        -1571,
        8511,
        -0.18458465515215602
    ],
    "Soar": [
        -4065,
        16687,
        -0.24360280457841432
    ],
    "Copper Training": [
        -7237,
        37209,
        -0.19449595527963665
    ],
    "Infiltrate": [
        -690,
        8650,
        -0.07976878612716763
    ],
    "Hunt": [
        -3638,
        17634,
        -0.20630599977316547
    ],
    "Unveil": [
        1422,
        14392,
        0.09880489160644802
    ],
    "Soother": [
        -1549,
        5101,
        -0.3036659478533621
    ],
    "Con": [
        -1141,
        17503,
        -0.06518882477289607
    ],
    "Rescue": [
        -1047,
        8177,
        -0.1280420692185398
    ],
    "Tin Training": [
        -6865,
        37241,
        -0.18433984049837546
    ],
    "Zinc Training": [
        -7028,
        37092,
        -0.1894748193680578
    ],
    "Inspire": [
        -3178,
        17066,
        -0.18621821164889255
    ],
    "Investigate": [
        -4610,
        16976,
        -0.271559849198869
    ],
    "Hazekillers": [
        -4248,
        13230,
        -0.32108843537414966
    ],
    "Charm": [
        -1780,
        8722,
        -0.20408163265306123
    ],
    "Steelpush": [
        260,
        17750,
        0.014647887323943662
    ],
    "Maelstrom": [
        -1323,
        8321,
        -0.15899531306333373
    ],
    "Smoker": [
        -1731,
        5571,
        -0.31071620893914914
    ],
    "Preserve": [
        -122,
        6982,
        -0.017473503294185046
    ],
    "Ironpull": [
        -3553,
        18059,
        -0.19674400575890139
    ],
    "Subdue": [
        -1550,
        8596,
        -0.18031642624476502
    ],
    "Hide": [
        -3404,
        16378,
        -0.20783978507754305
    ],
    "Precise Shot": [
        -1649,
        8147,
        -0.2024057935436357
    ],
    "Pursue": [
        -82,
        8654,
        -0.009475387104229259
    ],
    "House War": [
        -1002,
        8266,
        -0.12121945318170821
    ],
    "Train In Secret": [
        -516,
        8192,
        -0.06298828125
    ],
    "Tineye": [
        -1540,
        5312,
        -0.28990963855421686
    ],
    "Houselord": [
        -2423,
        6839,
        -0.3542915630940196
    ],
    "Lookout": [
        -221,
        8399,
        -0.026312656268603404
    ],
    "Survive": [
        -3558,
        16448,
        -0.21631809338521402
    ],
    "Coppercloud": [
        -3319,
        17391,
        -0.19084583980219655
    ],
    "Mercenary": [
        -2496,
        6930,
        -0.3601731601731602
    ],
    "Pickpocket": [
        -2495,
        6993,
        -0.3567853567853568
    ],
    "Seeker": [
        -1594,
        5302,
        -0.3006412674462467
    ],
    "Enrage": [
        -3002,
        17530,
        -0.17124928693667998
    ],
    "Deceive": [
        -1458,
        16252,
        -0.08971203544179178
    ],
    "Assassinate": [
        -1536,
        8288,
        -0.18532818532818532
    ],
    "Brawl": [
        -947,
        8045,
        -0.11771286513362336
    ],
    "Obligator": [
        -2614,
        7066,
        -0.36994056043022927
    ],
    "Pacify": [
        -276,
        8308,
        -0.03322099181511796
    ],
    "Strike": [
        -3357,
        18019,
        -0.1863033464676175
    ],
    "Confrontation": [
        6,
        5728,
        0.001047486033519553
    ],
    "Eavesdrop": [
        -4821,
        17401,
        -0.2770530429285673
    ],
    "Pewterarm": [
        -1784,
        5646,
        -0.3159759121501948
    ],
    "Recover": [
        -1629,
        8627,
        -0.18882577952938448
    ],
    "Crewleader": [
        -1323,
        4553,
        -0.29057764111574785
    ],
    "Keeper": [
        -2648,
        7138,
        -0.37097226113757353
    ],
    "Informant": [
        -2343,
        6847,
        -0.3421936614575727
    ],
    "Crash": [
        -2861,
        16593,
        -0.17242210570722594
    ],
    "Coinshot": [
        -1775,
        5515,
        -0.32184950135992746
    ],
    "Hyperaware": [
        -604,
        8520,
        -0.07089201877934272
    ],
    "Strategize": [
        -403,
        8365,
        -0.048176927674835626
    ],
    "Sneak": [
        -491,
        8727,
        -0.05626217485963103
    ],
    "Lurcher": [
        -1831,
        5291,
        -0.3460593460593461
    ],
    "Ruin": [
        -355,
        7017,
        -0.05059142083511472
    ],
    "Noble": [
        -2511,
        7039,
        -0.3567268077851968
    ],
    "Balance": [
        -184,
        7068,
        -0.02603282399547255
    ],
    "Kandra": [
        -1136,
        4204,
        -0.2702188392007612
    ],
    "Crushing Blow": [
        -1215,
        8333,
        -0.14580583223328933
    ],
    "Ascendant": [
        -1319,
        8273,
        -0.1594343043635924
    ],
    "Rioter": [
        -1758,
        5364,
        -0.3277404921700224
    ],
    "Inquisitor": [
        -1130,
        4128,
        -0.27374031007751937
    ],
    "Reposition": [
        -1604,
        8620,
        -0.18607888631090488
    ],
    "Pewter Training": [
        -18,
        154,
        -0.11688311688311688
    ],
    "Bronze Training": [
        6,
        186,
        0.03225806451612903
    ],
    "Iron Training": [
        -54,
        174,
        -0.3103448275862069
    ],
    "Brass Training": [
        -22,
        188,
        -0.11702127659574468
    ]
}