{
    "Ironpull": [
        551,
        16755,
        0.03288570575947478
    ],
    "Bronze Training": [
        2624,
        37164,
        0.07060596275965988
    ],
    "Unveil": [
        3675,
        11693,
        0.3142906012144018
    ],
    "Coppercloud": [
        666,
        16632,
        0.04004329004329004
    ],
    "Deceive": [
        1927,
        14551,
        0.1324307607724555
    ],
    "Assassinate": [
        357,
        7873,
        0.04534484948558364
    ],
    "Brass Training": [
        2262,
        37104,
        0.06096377749029754
    ],
    "Rescue": [
        835,
        7427,
        0.11242762892150263
    ],
    "Steelpush": [
        4263,
        16509,
        0.2582227875704161
    ],
    "Pewter Training": [
        2250,
        37410,
        0.060144346431435444
    ],
    "Funding": [
        -7147,
        103015,
        -0.06937824588652138
    ],
    "Intimidate": [
        385,
        7965,
        0.04833647206528562
    ],
    "Coinshot": [
        -408,
        4024,
        -0.10139165009940358
    ],
    "Pursue": [
        1827,
        8263,
        0.22110613578603414
    ],
    "Strike": [
        1527,
        16607,
        0.09194917805744565
    ],
    "Pierce": [
        1949,
        7641,
        0.25507132574270386
    ],
    "Pickpocket": [
        -1126,
        6274,
        -0.17947083200510042
    ],
    "Enrage": [
        639,
        16541,
        0.038631279850069526
    ],
    "Inquisitor": [
        -101,
        2729,
        -0.037009893733968485
    ],
    "Strategize": [
        1466,
        7562,
        0.193864057127744
    ],
    "Iron Training": [
        2130,
        37172,
        0.057301194447433555
    ],
    "Investigate": [
        -662,
        16374,
        -0.04042994992060584
    ],
    "Balance": [
        1261,
        5567,
        0.22651338243218969
    ],
    "Hunt": [
        -20,
        16782,
        -0.001191753068764152
    ],
    "Con": [
        2643,
        16805,
        0.15727462064861647
    ],
    "Seeker": [
        -228,
        3940,
        -0.05786802030456853
    ],
    "Kandra": [
        -89,
        2865,
        -0.03106457242582897
    ],
    "Lookout": [
        1597,
        7437,
        0.21473712518488638
    ],
    "Soar": [
        -735,
        15975,
        -0.046009389671361506
    ],
    "Recover": [
        384,
        8348,
        0.04599904168663153
    ],
    "Spy": [
        1149,
        5865,
        0.1959079283887468
    ],
    "Inspire": [
        526,
        16142,
        0.03258580101598315
    ],
    "Dominate": [
        904,
        7382,
        0.12246003793010024
    ],
    "Obligator": [
        -1220,
        6338,
        -0.192489744398864
    ],
    "Informant": [
        -794,
        6262,
        -0.1267965506228042
    ],
    "Reposition": [
        198,
        8228,
        0.02406417112299465
    ],
    "Crushing Blow": [
        845,
        7575,
        0.11155115511551156
    ],
    "Keeper": [
        -1360,
        6258,
        -0.2173218280600831
    ],
    "Soldier": [
        -1002,
        6650,
        -0.1506766917293233
    ],
    "Sneak": [
        1502,
        8292,
        0.18113844669561022
    ],
    "House War": [
        867,
        7483,
        0.11586262194307097
    ],
    "Eavesdrop": [
        -787,
        16603,
        -0.047401072095404444
    ],
    "Crewleader": [
        -120,
        3120,
        -0.038461538461538464
    ],
    "Confrontation": [
        1068,
        4308,
        0.2479108635097493
    ],
    "Hide": [
        212,
        14840,
        0.014285714285714285
    ],
    "Rebel": [
        -1114,
        6410,
        -0.17379095163806552
    ],
    "Rioter": [
        -562,
        4098,
        -0.1371400683260127
    ],
    "Survive": [
        204,
        14674,
        0.013902139839171324
    ],
    "Charm": [
        21,
        8135,
        0.002581438229870928
    ],
    "Preserve": [
        1239,
        5529,
        0.22409115572436245
    ],
    "Crash": [
        898,
        14686,
        0.06114667029824322
    ],
    "Pewterarm": [
        -349,
        4423,
        -0.07890572009947999
    ],
    "Soother": [
        -93,
        3803,
        -0.024454378122534842
    ],
    "Hyperaware": [
        1437,
        7779,
        0.18472811415349016
    ],
    "Infiltrate": [
        1297,
        8213,
        0.15792037014489224
    ],
    "Pacify": [
        1369,
        7303,
        0.18745720936601395
    ],
    "Noble": [
        -961,
        6315,
        -0.15217735550277117
    ],
    "Maelstrom": [
        820,
        7464,
        0.10986066452304394
    ],
    "Ruin": [
        1063,
        5453,
        0.19493856592701264
    ],
    "Smoker": [
        -625,
        4191,
        -0.14912908613696016
    ],
    "Subdue": [
        -32,
        7902,
        -0.004049607694254619
    ],
    "Brawl": [
        1042,
        7436,
        0.1401291016675632
    ],
    "Hazekillers": [
        -1478,
        11182,
        -0.13217671257377928
    ],
    "Mercenary": [
        -1130,
        6338,
        -0.17828968128747238
    ],
    "Tineye": [
        -359,
        3935,
        -0.09123252858958068
    ],
    "Ascendant": [
        656,
        7514,
        0.08730369976044716
    ],
    "Precise Shot": [
        299,
        7801,
        0.03832841943340597
    ],
    "Lurcher": [
        -403,
        4075,
        -0.0988957055214724
    ],
    "Train In Secret": [
        1431,
        7481,
        0.19128458762197567
    ],
    "Houselord": [
        -985,
        6169,
        -0.159669314313503
    ],
    "Tin Training": [
        8,
        90,
        0.08888888888888889
    ],
    "Zinc Training": [
        -1,
        93,
        -0.010752688172043012
    ],
    "Steel Training": [
        7,
        75,
        0.09333333333333334
    ],
    "Copper Training": [
        -9,
        73,
        -0.1232876712328767
    ]
}