{
    "Precise Shot": 1.061681608665517,
    "Funding": 0.8219027750464662,
    "Copper Training": 0.8964955060602344,
    "Zinc Training": 0.8879824397187581,
    "Steel Training": 0.895671711705488,
    "Tin Training": 0.8897267461751918,
    "Reposition": 0.990737720132046,
    "Infiltrate": 1.0057527437656886,
    "Brawl": 1.0151696389102383,
    "Strike": 1.0149119067961552,
    "Assassinate": 1.0715788080254918,
    "Spy": 0.9686548483819212,
    "Steelpush": 1.0572844014355842,
    "Maelstrom": 1.1143607323158646,
    "Pierce": 1.022839693585643,
    "Soar": 0.9849406672156255,
    "Ascendant": 1.052966556288124,
    "Soldier": 0.984385468341225,
    "Ironpull": 0.8931260206420341,
    "Unveil": 0.926453978233177,
    "Eavesdrop": 1.0136627581790392,
    "Strategize": 0.9761514034624946,
    "Crushing Blow": 1.1657865758267583,
    "Recover": 1.0223104342909417,
    "Investigate": 0.9680919001345734,
    "Hunt": 0.9975918897717113,
    "Enrage": 0.9874949099769126,
    "Rescue": 1.0058303022504216,
    "Keeper": 0.9757699334452216,
    "Pursue": 0.9246198412608747,
    "Intimidate": 1.0028503003756988,
    "Inspire": 0.9853839800325421,
    "Ruin": 0.932747087557396,
    "Coppercloud": 0.9795972540640998,
    "Obligator": 1.0019761434236516,
    "Hazekillers": 0.9620913780558361,
    "Mercenary": 0.991084578334014,
    "Informant": 0.9881230673721688,
    "Lurcher": 0.9990268832795705,
    "Crash": 0.9846112812443529,
    "Smoker": 0.9970099640759059,
    "Con": 0.9980406935028072,
    "Sneak": 0.9970278942645158,
    "Tineye": 0.998003982039956,
    "Survive": 1.0028861751504923,
    "Lookout": 0.9674477551685093,
    "Train In Secret": 0.9930663992695901,
    "Hide": 0.9961390886884599,
    "Houselord": 0.9920814426746719,
    "Hyperaware": 1.0009970009999998,
    "Iron Training": 0.997002999,
    "Soother": 0.9969990962166313,
    "Rioter": 0.9960308942017503,
    "Charm": 0.9882827672339164,
    "Pewterarm": 0.9832013728910104,
    "Pickpocket": 0.9989822049175975,
    "Noble": 0.9940803595313974,
    "Subdue": 0.9891123971266417,
    "Bronze Training": 1.001999998001,
    "Deceive": 0.999002999,
    "Kandra": 0.9960238526261198,
    "Rebel": 0.9910894622284568,
    "Pacify": 0.998001,
    "Seeker": 0.9999990079640715,
    "House War": 0.9931453340666605,
    "Coinshot": 0.9930398284979984,
    "Confrontation": 1.0,
    "Preserve": 0.999000999,
    "Pewter Training": 0.999,
    "Inquisitor": 0.9999989999999999,
    "Crewleader": 0.9989980039970008,
    "Dominate": 1.001
}