{
    "Pierce": 0.9459575821247712,
    "Funding": 0.5928243612677581,
    "Crushing Blow": 0.9759298283313677,
    "Bronze Training": 0.6840968928794225,
    "Brass Training": 0.6915640943213578,
    "Infiltrate": 0.9127056071561084,
    "Pewter Training": 0.7060901049790222,
    "Brawl": 0.9177029941911091,
    "Maelstrom": 0.9862699286891635,
    "Recover": 0.9058339055255716,
    "House War": 0.9218749251910364,
    "Iron Training": 0.6805450302247362,
    "Hyperaware": 0.9582303125657688,
    "Rescue": 0.868935483460538,
    "Strike": 0.8109124096355447,
    "Steelpush": 0.883281530331297,
    "Coppercloud": 0.962194290569923,
    "Soldier": 0.9669896720324482,
    "Soar": 0.9542929187176004,
    "Pewterarm": 0.9930832486845377,
    "Hunt": 0.9616885387118895,
    "Survive": 0.7954718863524315,
    "Spy": 0.8374856158483183,
    "Lookout": 0.8856711933210304,
    "Ruin": 0.9060117690136028,
    "Pickpocket": 0.9890667654775038,
    "Hazekillers": 0.9524298931569737,
    "Assassinate": 0.9219991393355675,
    "Preserve": 0.8489622031260506,
    "Informant": 0.9940258705304789,
    "Subdue": 0.9930339161258741,
    "Precise Shot": 0.8936069056085101,
    "Eavesdrop": 0.9021431799962568,
    "Strategize": 0.9737045196751699,
    "Pursue": 0.8754354239070528,
    "Noble": 0.9900647921986172,
    "Hide": 0.9812735001188004,
    "Mercenary": 0.9573729592910922,
    "Enrage": 0.954722781747743,
    "Unveil": 0.9287062806753885,
    "Sneak": 0.8623197761161241,
    "Ascendant": 0.8901526690643421,
    "Intimidate": 0.9662524119313605,
    "Soother": 0.9881547311983386,
    "Rioter": 0.993065637390154,
    "Crash": 0.8587690607162274,
    "Charm": 0.9852729914476701,
    "Dominate": 0.9156172886354376,
    "Balance": 0.8894133986783578,
    "Inspire": 0.9665653016826425,
    "Keeper": 0.9775986795258796,
    "Con": 0.9802508510879964,
    "Investigate": 0.956568862846395,
    "Train In Secret": 0.9981480379209584,
    "Obligator": 0.9911564572224391,
    "Deceive": 0.994050742827181,
    "Inquisitor": 0.992061782494209,
    "Houselord": 0.994058714887101,
    "Rebel": 0.9832102244600186,
    "Coinshot": 0.9950477349553917,
    "Ironpull": 0.9684451263283915,
    "Lurcher": 0.9921507310008807,
    "Reposition": 0.9586246376490996,
    "Seeker": 0.9940309101697783,
    "Kandra": 0.9930279281178762,
    "Confrontation": 0.9920438722297716,
    "Smoker": 0.9831382737480302,
    "Tineye": 0.9960348245577598,
    "Tin Training": 1.0009999980029989,
    "Copper Training": 1.0,
    "Pacify": 0.997005992004999,
    "Crewleader": 0.999
}