{
    "Pierce": 0.8443719591318752,
    "Hyperaware": 0.8759504428953315,
    "Bronze Training": 0.6471601466152255,
    "House War": 0.8503840895206062,
    "Brawl": 0.8850263736946972,
    "Maelstrom": 0.9866165609506026,
    "Strike": 0.7608591248565678,
    "Pewter Training": 0.6236149009644372,
    "Funding": 0.5095861031186396,
    "Brass Training": 0.5385362554938299,
    "Iron Training": 0.6349886186690882,
    "Steelpush": 0.8567501984833805,
    "Crushing Blow": 0.9738520510422203,
    "Lookout": 0.7834638922910586,
    "Strategize": 0.9507015501449441,
    "Spy": 0.843580149598293,
    "Precise Shot": 0.8180018940016153,
    "Ruin": 0.9063053241088757,
    "Recover": 0.8253752031739715,
    "Reposition": 0.6956295559028718,
    "Rescue": 0.8141254360486586,
    "Investigate": 0.9772964112329483,
    "Preserve": 0.8000831921744459,
    "Con": 0.8803324587604988,
    "Unveil": 0.7864668878058962,
    "Infiltrate": 0.8134628249052778,
    "Assassinate": 0.843216556397793,
    "Ascendant": 0.8263216244097491,
    "Crash": 0.9171423777475738,
    "Soar": 0.9823292616957445,
    "Eavesdrop": 0.9831835456321715,
    "Train In Secret": 0.9182361731059631,
    "Pewterarm": 0.8923483166135884,
    "Ironpull": 0.9568236829180972,
    "Hide": 0.8421732104572002,
    "Confrontation": 0.941865068536743,
    "Coppercloud": 0.9765689269935806,
    "Balance": 0.8200756527616625,
    "Sneak": 0.8542915757426417,
    "Charm": 0.995025924123874,
    "Pickpocket": 0.9960149740777225,
    "Hazekillers": 0.9842827438048031,
    "Inspire": 0.9802242775282873,
    "Pursue": 0.8351649179908958,
    "Houselord": 0.9940060775056716,
    "Noble": 0.9803212889191856,
    "Intimidate": 0.9979831315002473,
    "Smoker": 0.995009988015974,
    "Enrage": 0.9695737740770659,
    "Obligator": 0.9891003618506254,
    "Hunt": 0.9704719458124839,
    "Rioter": 0.994014980014994,
    "Survive": 0.99008363508164,
    "Soldier": 0.9783364255867847,
    "Seeker": 0.9772669463920578,
    "Mercenary": 0.9920388762526822,
    "Pacify": 0.997002999,
    "Soother": 0.998010982014994,
    "Informant": 0.9910597466857268,
    "Coinshot": 0.9930408315118211,
    "Lurcher": 0.9940139860000138,
    "Keeper": 0.9763753295253286,
    "Tineye": 0.994014980014994,
    "Dominate": 0.9862780156066776,
    "Crewleader": 0.9940279261427684,
    "Tin Training": 1.0,
    "Subdue": 0.996005996001,
    "Rebel": 0.9851263017349097,
    "Kandra": 0.9960069920069959,
    "Inquisitor": 0.9900667445078992,
    "Deceive": 0.9980119860000138,
    "Steel Training": 1.0
}