{
    "Funding": 1.0107703478434118,
    "Confrontation": 1.0074550901418688,
    "Iron Training": 1.173616722849279,
    "Pewter Training": 1.151521572408695,
    "Brass Training": 1.110878048594676,
    "Sneak": 1.0403328194769268,
    "Strike": 1.193631784980456,
    "Bronze Training": 1.1793760861044575,
    "Strategize": 1.2359426511111715,
    "Ruin": 1.1594389058137564,
    "Unveil": 1.1313678580913877,
    "Lookout": 1.1394354933626463,
    "Rescue": 1.0875145863671274,
    "Hide": 1.016792237755043,
    "Crushing Blow": 1.2793035691477093,
    "Balance": 1.132064446210743,
    "Steelpush": 1.2437918893116438,
    "Hyperaware": 1.189893283094245,
    "Ascendant": 1.127043060780367,
    "Infiltrate": 1.0899108147364474,
    "Precise Shot": 1.151151566435474,
    "Recover": 1.164366284242098,
    "Pursue": 1.0741380463104486,
    "Preserve": 1.155369990344926,
    "Spy": 1.1429652261054466,
    "Seeker": 0.9999980019989998,
    "Brawl": 1.1383550887487752,
    "Maelstrom": 1.2898112473525503,
    "Assassinate": 1.1240721021757294,
    "House War": 1.1843448091672406,
    "Ironpull": 0.9681386483119919,
    "Pierce": 1.1456619647348443,
    "Coppercloud": 0.9911919838485349,
    "Intimidate": 0.9980019920199761,
    "Keeper": 1.0029989565961681,
    "Hunt": 1.0009155641168406,
    "Enrage": 0.9681259555776645,
    "Eavesdrop": 1.0058945483318733,
    "Pickpocket": 0.9970159620728631,
    "Soar": 0.9882179744973084,
    "Hazekillers": 0.9851787977618135,
    "Smoker": 0.996010982014994,
    "Train In Secret": 1.0039969860479199,
    "Soldier": 0.9891765656801326,
    "Mercenary": 0.9980099740469099,
    "Deceive": 1.0029970009999998,
    "Informant": 0.995036811593693,
    "Tineye": 0.9999980019989998,
    "Soother": 1.0009940199640457,
    "Rioter": 0.9930219580559441,
    "Charm": 0.9950080019740438,
    "Kandra": 0.997002999,
    "Investigate": 0.9930735976067492,
    "Lurcher": 1.000001998001,
    "Copper Training": 1.001,
    "Obligator": 1.0019950000049958,
    "Inspire": 0.9920645840728514,
    "Inquisitor": 0.9989990009999998,
    "Crash": 0.9950436604307591,
    "Noble": 0.9999800917753594,
    "Pewterarm": 1.0019930139870055,
    "Rebel": 0.9960199520749478,
    "Con": 1.0049562213542431,
    "Crewleader": 0.999000999,
    "Reposition": 0.9999989999999999,
    "Survive": 0.9999989999999999,
    "Coinshot": 1.001989017985006,
    "Pacify": 0.997002999,
    "Subdue": 0.998003996001,
    "Houselord": 0.9940269161677783,
    "Steel Training": 1.001
}