{
    "Funding": 0.9140624040700237,
    "Balance": 1.0689872566336256,
    "Copper Training": 0.9931857808796637,
    "Dominate": 1.1206794747936222,
    "Steel Training": 0.9796734392926191,
    "Zinc Training": 0.964344535073019,
    "Unveil": 1.1107044570851796,
    "Tin Training": 0.9580740252287291,
    "Rescue": 1.081798077296399,
    "Ruin": 1.0632398475327098,
    "Crushing Blow": 1.2498783215223486,
    "Reposition": 1.0348516146994593,
    "Strike": 1.0868751053018813,
    "Con": 0.9718185314532095,
    "Steelpush": 1.0581017772559818,
    "Brawl": 1.075584870289488,
    "Hide": 0.9575577640319902,
    "Enrage": 0.9809829245998705,
    "Pierce": 1.1395698887862797,
    "Hyperaware": 1.0038221419396338,
    "Strategize": 1.07937473197401,
    "Pursue": 1.0201640451375613,
    "Lookout": 0.9588381593905335,
    "Ascendant": 1.1186944365853737,
    "Crash": 0.9902871801122559,
    "Sneak": 0.980241219332569,
    "Maelstrom": 1.1411319565707247,
    "House War": 1.0648944894366135,
    "Eavesdrop": 0.994218382018946,
    "Precise Shot": 0.9803475860620785,
    "Recover": 0.9949465085528226,
    "Hunt": 0.9778709619245708,
    "Spy": 0.992539454728144,
    "Soldier": 0.970432962770115,
    "Hazekillers": 0.9964282144191746,
    "Inspire": 0.9921826524045416,
    "Houselord": 1.000957244086719,
    "Preserve": 1.0194871185999586,
    "Kandra": 0.9910853871290882,
    "Keeper": 0.986491126102676,
    "Survive": 0.9923447420005532,
    "Obligator": 0.9910815992154854,
    "Train In Secret": 0.9941082457104171,
    "Ironpull": 1.0081216928895484,
    "Informant": 0.9871261925049607,
    "Subdue": 1.0009950169750186,
    "Soar": 0.9861241678050582,
    "Coppercloud": 0.9874469559382084,
    "Pickpocket": 1.002920722185302,
    "Infiltrate": 0.9912661619300138,
    "Confrontation": 1.0059671614602295,
    "Soother": 0.9881033570263956,
    "Charm": 0.9802893160543634,
    "Crewleader": 1.0010059720639137,
    "Mercenary": 1.0010079581800826,
    "Investigate": 0.9918696992760909,
    "Pewterarm": 0.9900776292607897,
    "Intimidate": 0.9832976445338132,
    "Smoker": 1.0059701037434687,
    "Noble": 0.995030218161419,
    "Pacify": 0.9980019920199761,
    "Lurcher": 0.9950467817152719,
    "Deceive": 0.9970020019970008,
    "Rebel": 1.001978107695579,
    "Seeker": 0.9970119461865279,
    "Tineye": 1.0019850697726442,
    "Assassinate": 1.0029890149850107,
    "Rioter": 0.9980149559706015,
    "Coinshot": 0.9960269081668578,
    "Bronze Training": 1.000001,
    "Inquisitor": 0.992049806472219,
    "Brass Training": 0.9980000019989999,
    "Iron Training": 1.0
}