{
    "Survive": 1.3017489517057523,
    "Strategize": 1.4102791879295236,
    "Funding": 1.3377335686671723,
    "Ruin": 1.3222834398124137,
    "Sneak": 1.2601340611523983,
    "Bronze Training": 1.3900870105512078,
    "Assassinate": 1.3101581660881345,
    "Brass Training": 1.3881779539121342,
    "Steelpush": 1.4215777430806893,
    "Maelstrom": 1.4134896755363735,
    "Iron Training": 1.3861057102743715,
    "Brawl": 1.349600687997886,
    "Pewter Training": 1.3952945442552631,
    "Reposition": 1.2103372222418523,
    "Lookout": 1.2370048460264782,
    "Recover": 1.324305661541966,
    "Strike": 1.4354193085079903,
    "Obligator": 1.0128238954524398,
    "Ascendant": 1.2501062745735605,
    "Rescue": 1.2376800430238037,
    "Unveil": 1.3700468848115936,
    "Eavesdrop": 1.0853013685248356,
    "Crash": 1.0478078684711898,
    "Hide": 1.022228919693636,
    "Informant": 0.9999910680957962,
    "Spy": 1.2940093247326032,
    "House War": 1.363828163595198,
    "Infiltrate": 1.247035648866245,
    "Pierce": 1.1660694771182807,
    "Train In Secret": 1.1020044564047404,
    "Charm": 1.016668302206212,
    "Hyperaware": 1.1790952778108459,
    "Pickpocket": 1.0069403011303293,
    "Inspire": 1.0135220889035645,
    "Ironpull": 1.0515495811899067,
    "Crushing Blow": 1.4687091408234882,
    "Rebel": 1.0029443878277498,
    "Intimidate": 1.0039737361116314,
    "Hunt": 1.0257685043091689,
    "Precise Shot": 1.2047619224104882,
    "Pursue": 1.0619392832867125,
    "Noble": 1.008875180483167,
    "Soar": 1.0427143859856838,
    "Coppercloud": 1.0399483605439368,
    "Keeper": 1.012762731818549,
    "Soldier": 1.0006948680270698,
    "Coinshot": 1.0010188121095642,
    "Investigate": 1.0122769162178258,
    "Rioter": 1.0029394946100336,
    "Balance": 1.1088553806580437,
    "Hazekillers": 1.0087495418501344,
    "Soother": 0.9951133848846799,
    "Mercenary": 1.005974927274306,
    "Enrage": 1.0446743256028372,
    "Subdue": 1.0049900099950009,
    "Smoker": 1.0059253450109966,
    "Pewterarm": 0.9962009713161919,
    "Deceive": 1.0069492382884984,
    "Crewleader": 1.002985028967021,
    "Houselord": 1.0079176402968275,
    "Dominate": 1.0019989999999999,
    "Kandra": 1.006956145727297,
    "Inquisitor": 1.0039900119999856,
    "Seeker": 1.011895512343772,
    "Pacify": 1.0089471646704613,
    "Con": 1.0019890895981156,
    "Lurcher": 1.0019970059930037,
    "Tineye": 1.0020128128835264,
    "Confrontation": 1.0
}