{
    "Funding": 0.8620868526914649,
    "Brass Training": 0.9087970322328616,
    "Iron Training": 0.9214631188337572,
    "Ascendant": 1.0444240174155404,
    "Pewter Training": 0.9164016484227332,
    "Preserve": 0.9420214843673028,
    "Survive": 1.0228436072922962,
    "Con": 0.9013933759808352,
    "Reposition": 0.9127881962486252,
    "Bronze Training": 0.9005282549095954,
    "Spy": 0.9950914538838882,
    "Eavesdrop": 0.9321177672000354,
    "Hyperaware": 1.011461923256357,
    "Strategize": 1.0597087672339742,
    "Steelpush": 1.0445218823168867,
    "Hide": 0.9851681839266102,
    "Brawl": 1.0507724459592136,
    "Sneak": 0.9310552518022762,
    "Hunt": 0.959669929967391,
    "Assassinate": 1.0428584866248782,
    "Precise Shot": 1.0482983411374156,
    "Crushing Blow": 1.188705241364648,
    "Maelstrom": 1.1425692415904267,
    "Infiltrate": 0.9779531881499748,
    "Enrage": 0.9224578566399828,
    "Recover": 1.0409159432146242,
    "Strike": 1.0634075043204434,
    "Inspire": 0.9836970888386347,
    "Investigate": 0.9809727516060054,
    "Soar": 0.9934470714020203,
    "Unveil": 0.9134546657772296,
    "Ironpull": 0.9256609721691561,
    "Keeper": 0.979954131675799,
    "Houselord": 0.9940595486222392,
    "Pierce": 0.9745913430374152,
    "Ruin": 0.9402207105377971,
    "Coppercloud": 0.9881535522431405,
    "House War": 1.0258961428579791,
    "Coinshot": 0.9900627288112629,
    "Crash": 0.9616516468980162,
    "Obligator": 0.9920943866302796,
    "Pursue": 0.9354527844140348,
    "Deceive": 0.9990199381058842,
    "Intimidate": 0.9852658693060841,
    "Tineye": 0.9861677015176888,
    "Train In Secret": 0.9768440294378,
    "Pickpocket": 1.0000197139228415,
    "Crewleader": 0.9950219599822353,
    "Subdue": 0.9990039960029989,
    "Lurcher": 0.9950149869531467,
    "Hazekillers": 0.9688826945975847,
    "Smoker": 0.9990040099252223,
    "Soldier": 0.971909592670794,
    "Rescue": 0.9951555650260817,
    "Pewterarm": 0.9758438602633122,
    "Dominate": 0.9990039920049989,
    "Rioter": 0.9960368285358099,
    "Soother": 0.9932947746614008,
    "Informant": 0.9989990627197292,
    "Kandra": 0.9940824761933295,
    "Noble": 1.0009789383900929,
    "Charm": 0.9911641216895983,
    "Rebel": 0.989129102210908,
    "Balance": 0.9883804288570075,
    "Lookout": 0.988135161601306,
    "Confrontation": 0.998001,
    "Pacify": 0.997011966065914,
    "Mercenary": 0.9950309032096801,
    "Seeker": 0.998018944095888,
    "Inquisitor": 1.0029930169750185,
    "Copper Training": 1.001,
    "Zinc Training": 1.0
}