{
  "Brawl": {
    "1-3": [
      18,
      1084,
      0.016605166051660517
    ],
    "4-8": [
      -113,
      747,
      -0.15127175368139223
    ],
    "9-15": [
      142,
      756,
      0.18783068783068782
    ],
    "16+": [
      155,
      1247,
      0.12429831595829992
    ]
  },
  "Soldier": {
    "1-3": [
      -58,
      1400,
      -0.041428571428571426
    ],
    "4-8": [
      -110,
      530,
      -0.20754716981132076
    ],
    "9-15": [
      84,
      776,
      0.10824742268041238
    ],
    "16+": [
      95,
      1347,
      0.07052709725315516
    ]
  },
  "Hazekillers": {
    "1-3": [
      -417,
      2711,
      -0.15381777941718922
    ],
    "4-8": [
      -208,
      1110,
      -0.1873873873873874
    ],
    "9-15": [
      126,
      1464,
      0.0860655737704918
    ],
    "16+": [
      -19,
      2307,
      -0.0082358040745557
    ]
  },
  "Steelpush": {
    "1-3": [
      1082,
      2830,
      0.3823321554770318
    ],
    "4-8": [
      66,
      1000,
      0.066
    ],
    "9-15": [
      261,
      1585,
      0.16466876971608832
    ],
    "16+": [
      209,
      2841,
      0.07356564589933122
    ]
  },
  "Strategize": {
    "1-3": [
      39,
      73,
      0.5342465753424658
    ],
    "4-8": [
      125,
      1017,
      0.12291052114060963
    ],
    "9-15": [
      86,
      1104,
      0.07789855072463768
    ],
    "16+": [
      1,
      805,
      0.0012422360248447205
    ]
  },
  "Charm": {
    "1-3": [
      0,
      0,
      0
    ],
    "4-8": [
      0,
      0,
      0
    ],
    "9-15": [
      78,
      456,
      0.17105263157894737
    ],
    "16+": [
      -64,
      1978,
      -0.032355915065722954
    ]
  },
  "Hyperaware": {
    "1-3": [
      37,
      119,
      0.31092436974789917
    ],
    "4-8": [
      -34,
      1232,
      -0.027597402597402596
    ],
    "9-15": [
      79,
      967,
      0.08169596690796277
    ],
    "16+": [
      35,
      855,
      0.04093567251461988
    ]
  },
  "Inspire": {
    "1-3": [
      0,
      0,
      0
    ],
    "4-8": [
      0,
      0,
      0
    ],
    "9-15": [
      753,
      2497,
      0.3015618742490989
    ],
    "16+": [
      -230,
      4740,
      -0.04852320675105485
    ]
  },
  "Investigate": {
    "1-3": [
      0,
      0,
      0
    ],
    "4-8": [
      0,
      0,
      0
    ],
    "9-15": [
      3,
      333,
      0.009009009009009009
    ],
    "16+": [
      -616,
      2600,
      -0.23692307692307693
    ]
  },
  "Hide": {
    "1-3": [
      0,
      0,
      0
    ],
    "4-8": [
      0,
      0,
      0
    ],
    "9-15": [
      15,
      1469,
      0.010211027910142955
    ],
    "16+": [
      -802,
      4926,
      -0.16280958181079982
    ]
  },
  "Pacify": {
    "1-3": [
      -48,
      1070,
      -0.044859813084112146
    ],
    "4-8": [
      -147,
      685,
      -0.2145985401459854
    ],
    "9-15": [
      29,
      685,
      0.042335766423357665
    ],
    "16+": [
      -32,
      1162,
      -0.027538726333907058
    ]
  },
  "Tineye": {
    "1-3": [
      304,
      764,
      0.39790575916230364
    ],
    "4-8": [
      -20,
      994,
      -0.02012072434607646
    ],
    "9-15": [
      98,
      750,
      0.13066666666666665
    ],
    "16+": [
      -2,
      1012,
      -0.001976284584980237
    ]
  },
  "Ascendant": {
    "1-3": [
      23,
      45,
      0.5111111111111111
    ],
    "4-8": [
      -109,
      699,
      -0.15593705293276108
    ],
    "9-15": [
      -7,
      1157,
      -0.006050129645635264
    ],
    "16+": [
      119,
      897,
      0.1326644370122631
    ]
  },
  "Unveil": {
    "1-3": [
      599,
      1821,
      0.32894014277869305
    ],
    "4-8": [
      -15,
      1871,
      -0.008017103153393906
    ],
    "9-15": [
      115,
      1461,
      0.07871321013004791
    ],
    "16+": [
      26,
      2330,
      0.011158798283261802
    ]
  },
  "House War": {
    "1-3": [
      44,
      82,
      0.5365853658536586
    ],
    "4-8": [
      -149,
      1085,
      -0.13732718894009216
    ],
    "9-15": [
      82,
      1118,
      0.07334525939177101
    ],
    "16+": [
      33,
      821,
      0.040194884287454324
    ]
  },
  "Survive": {
    "1-3": [
      0,
      0,
      0
    ],
    "4-8": [
      0,
      0,
      0
    ],
    "9-15": [
      15,
      1457,
      0.01029512697323267
    ],
    "16+": [
      -900,
      4952,
      -0.18174474959612277
    ]
  },
  "Dominate": {
    "1-3": [
      44,
      84,
      0.5238095238095238
    ],
    "4-8": [
      -37,
      1139,
      -0.0324846356453029
    ],
    "9-15": [
      56,
      1016,
      0.05511811023622047
    ],
    "16+": [
      -23,
      843,
      -0.027283511269276393
    ]
  },
  "Mercenary": {
    "1-3": [
      0,
      0,
      0
    ],
    "4-8": [
      3,
      25,
      0.12
    ],
    "9-15": [
      75,
      177,
      0.423728813559322
    ],
    "16+": [
      654,
      2162,
      0.30249768732654947
    ]
  },
  "Crash": {
    "1-3": [
      0,
      0,
      0
    ],
    "4-8": [
      0,
      0,
      0
    ],
    "9-15": [
      488,
      1136,
      0.4295774647887324
    ],
    "16+": [
      1442,
      5124,
      0.2814207650273224
    ]
  },
  "Con": {
    "1-3": [
      759,
      2937,
      0.25842696629213485
    ],
    "4-8": [
      -109,
      943,
      -0.11558854718981973
    ],
    "9-15": [
      200,
      1624,
      0.12315270935960591
    ],
    "16+": [
      7,
      2747,
      0.0025482344375682563
    ]
  },
  "Coppercloud": {
    "1-3": [
      550,
      2942,
      0.18694765465669613
    ],
    "4-8": [
      -69,
      973,
      -0.07091469681397738
    ],
    "9-15": [
      355,
      1529,
      0.23217789404839764
    ],
    "16+": [
      -9,
      2487,
      -0.0036188178528347406
    ]
  },
  "Inquisitor": {
    "1-3": [
      7,
      67,
      0.1044776119402985
    ],
    "4-8": [
      -39,
      923,
      -0.04225352112676056
    ],
    "9-15": [
      114,
      1140,
      0.1
    ],
    "16+": [
      96,
      850,
      0.11294117647058824
    ]
  },
  "Reposition": {
    "1-3": [
      0,
      0,
      0
    ],
    "4-8": [
      0,
      0,
      0
    ],
    "9-15": [
      446,
      1146,
      0.38917975567190227
    ],
    "16+": [
      436,
      2762,
      0.15785662563359884
    ]
  },
  "Eavesdrop": {
    "1-3": [
      0,
      0,
      0
    ],
    "4-8": [
      7,
      9,
      0.7777777777777778
    ],
    "9-15": [
      -14,
      90,
      -0.15555555555555556
    ],
    "16+": [
      -397,
      1225,
      -0.3240816326530612
    ]
  },
  "Pierce": {
    "1-3": [
      72,
      136,
      0.5294117647058824
    ],
    "4-8": [
      210,
      1294,
      0.16228748068006182
    ],
    "9-15": [
      114,
      894,
      0.12751677852348994
    ],
    "16+": [
      -20,
      922,
      -0.021691973969631236
    ]
  },
  "Rebel": {
    "1-3": [
      0,
      0,
      0
    ],
    "4-8": [
      0,
      0,
      0
    ],
    "9-15": [
      78,
      320,
      0.24375
    ],
    "16+": [
      74,
      1700,
      0.04352941176470588
    ]
  },
  "Sneak": {
    "1-3": [
      -98,
      928,
      -0.10560344827586207
    ],
    "4-8": [
      -117,
      625,
      -0.1872
    ],
    "9-15": [
      75,
      657,
      0.1141552511415525
    ],
    "16+": [
      102,
      1408,
      0.07244318181818182
    ]
  },
  "Pickpocket": {
    "1-3": [
      0,
      0,
      0
    ],
    "4-8": [
      0,
      0,
      0
    ],
    "9-15": [
      12,
      102,
      0.11764705882352941
    ],
    "16+": [
      31,
      739,
      0.04194857916102842
    ]
  },
  "Recover": {
    "1-3": [
      156,
      1434,
      0.1087866108786611
    ],
    "4-8": [
      -47,
      481,
      -0.09771309771309772
    ],
    "9-15": [
      143,
      789,
      0.18124207858048164
    ],