{
  "Hyperaware": {
    "1-3": [
      152,
      182,
      0.8351648351648352
    ],
    "4-8": [
      390,
      1240,
      0.31451612903225806
    ],
    "9-15": [
      286,
      774,
      0.3695090439276486
    ],
    "16+": [
      87,
      1165,
      0.07467811158798283
    ]
  },
  "Pacify": {
    "1-3": [
      243,
      1345,
      0.18066914498141265
    ],
    "4-8": [
      -40,
      396,
      -0.10101010101010101
    ],
    "9-15": [
      155,
      649,
      0.23882896764252695
    ],
    "16+": [
      -36,
      1346,
      -0.02674591381872214
    ]
  },
  "Enrage": {
    "1-3": [
      0,
      0,
      0
    ],
    "4-8": [
      13,
      13,
      1
    ],
    "9-15": [
      1626,
      3710,
      0.43827493261455525
    ],
    "16+": [
      142,
      3532,
      0.04020385050962627
    ]
  },
  "Maelstrom": {
    "1-3": [
      101,
      145,
      0.696551724137931
    ],
    "4-8": [
      -22,
      954,
      -0.023060796645702306
    ],
    "9-15": [
      100,
      946,
      0.10570824524312897
    ],
    "16+": [
      51,
      1139,
      0.04477611940298507
    ]
  },
  "Ascendant": {
    "1-3": [
      0,
      0,
      0
    ],
    "4-8": [
      1,
      3,
      0.3333333333333333
    ],
    "9-15": [
      679,
      1599,
      0.42464040025015637
    ],
    "16+": [
      67,
      1467,
      0.04567143830947512
    ]
  },
  "Train In Secret": {
    "1-3": [
      0,
      0,
      0
    ],
    "4-8": [
      2,
      2,
      1
    ],
    "9-15": [
      903,
      1867,
      0.483663631494376
    ],
    "16+": [
      136,
      1678,
      0.08104886769964244
    ]
  },
  "Unveil": {
    "1-3": [
      1044,
      2104,
      0.49619771863117873
    ],
    "4-8": [
      172,
      1390,
      0.1237410071942446
    ],
    "9-15": [
      331,
      1291,
      0.25639039504260264
    ],
    "16+": [
      41,
      2499,
      0.01640656262505002
    ]
  },
  "Kandra": {
    "1-3": [
      45,
      141,
      0.3191489361702128
    ],
    "4-8": [
      -276,
      1170,
      -0.2358974358974359
    ],
    "9-15": [
      182,
      880,
      0.20681818181818182
    ],
    "16+": [
      120,
      1116,
      0.10752688172043011
    ]
  },
  "Informant": {
    "1-3": [
      457,
      1333,
      0.3428357089272318
    ],
    "4-8": [
      -10,
      336,
      -0.02976190476190476
    ],
    "9-15": [
      157,
      675,
      0.2325925925925926
    ],
    "16+": [
      -21,
      1411,
      -0.014883061658398299
    ]
  },
  "Dominate": {
    "1-3": [
      133,
      177,
      0.751412429378531
    ],
    "4-8": [
      178,
      1204,
      0.1478405315614618
    ],
    "9-15": [
      202,
      850,
      0.2376470588235294
    ],
    "16+": [
      54,
      1174,
      0.04599659284497445
    ]
  },
  "Survive": {
    "1-3": [
      0,
      0,
      0
    ],
    "4-8": [
      0,
      0,
      0
    ],
    "9-15": [
      303,
      1215,
      0.24938271604938272
    ],
    "16+": [
      -960,
      4726,
      -0.20313161235717309
    ]
  },
  "Noble": {
    "1-3": [
      -157,
      1383,
      -0.11352133044107014
    ],
    "4-8": [
      -128,
      346,
      -0.3699421965317919
    ],
    "9-15": [
      98,
      688,
      0.14244186046511628
    ],
    "16+": [
      -72,
      1394,
      -0.05164992826398852
    ]
  },
  "Con": {
    "1-3": [
      1334,
      2748,
      0.48544395924308587
    ],
    "4-8": [
      -88,
      644,
      -0.13664596273291926
    ],
    "9-15": [
      369,
      1389,
      0.265658747300216
    ],
    "16+": [
      16,
      2920,
      0.005479452054794521
    ]
  },
  "Hazekillers": {
    "1-3": [
      -709,
      2477,
      -0.28623334679047235
    ],
    "4-8": [
      -351,
      963,
      -0.3644859813084112
    ],
    "9-15": [
      78,
      1190,
      0.06554621848739496
    ],
    "16+": [
      -183,
      2395,
      -0.07640918580375783
    ]
  },
  "Strike": {
    "1-3": [
      0,
      0,
      0
    ],
    "4-8": [
      -20,
      76,
      -0.2631578947368421
    ],
    "9-15": [
      751,
      2143,
      0.350443303779748
    ],
    "16+": [
      87,
      4417,
      0.019696626669685306
    ]
  },
  "Steelpush": {
    "1-3": [
      809,
      2731,
      0.29622848773343097
    ],
    "4-8": [
      -61,
      699,
      -0.08726752503576538
    ],
    "9-15": [
      414,
      1316,
      0.31458966565349544
    ],
    "16+": [
      81,
      2839,
      0.028531172948221203
    ]
  },
  "Soother": {
    "1-3": [
      526,
      892,
      0.5896860986547086
    ],
    "4-8": [
      103,
      767,
      0.13428943937418514
    ],
    "9-15": [
      173,
      665,
      0.26015037593984963
    ],
    "16+": [
      61,
      1331,
      0.04583020285499624
    ]
  },
  "Eavesdrop": {
    "1-3": [
      0,
      0,
      0
    ],
    "4-8": [
      0,
      0,
      0
    ],
    "9-15": [
      -587,
      893,
      -0.6573348264277715
    ],
    "16+": [
      -2432,
      3310,
      -0.7347432024169185
    ]
  },
  "Recover": {
    "1-3": [
      0,
      0,
      0
    ],
    "4-8": [
      3,
      3,
      1
    ],
    "9-15": [
      561,
      1587,
      0.3534971644612476
    ],
    "16+": [
      -369,
      2053,
      -0.1797369702873843
    ]
  },
  "Sneak": {
    "1-3": [
      366,
      1328,
      0.2756024096385542
    ],
    "4-8": [
      -27,
      363,
      -0.0743801652892562
    ],
    "9-15": [
      156,
      664,
      0.23493975903614459
    ],
    "16+": [
      116,
      1414,
      0.08203677510608204
    ]
  },
  "Pewterarm": {
    "1-3": [
      54,
      726,
      0.0743801652892562
    ],
    "4-8": [
      -224,
      878,
      -0.255125284738041
    ],
    "9-15": [
      111,
      667,
      0.1664167916041979
    ],
    "16+": [
      45,
      1113,
      0.04043126684636118
    ]
  },
  "Soar": {
    "1-3": [
      943,
      2789,
      0.33811401936177843
    ],
    "4-8": [
      -88,
      664,
      -0.13253012048192772
    ],
    "9-15": [
      327,
      1409,
      0.2320794889992903
    ],
    "16+": [
      64,
      2714,
      0.023581429624170966
    ]
  },
  "Subdue": {
    "1-3": [
      0,
      0,
      0
    ],
    "4-8": [
      2,
      2,
      1
    ],
    "9-15": [
      315,
      813,
      0.3874538745387454
    ],
    "16+": [
      41,
      1833,
      0.02236770321876705
    ]
  },
  "Pierce": {
    "1-3": [
      194,
      236,
      0.8220338983050848
    ],
    "4-8": [
      335,
      1271,
      0.26357199055861524
    ],
    "9-15": [
      146,
      690,
      0.21159420289855072
    ],
    "16+": [
      46,
      1156,
      0.039792387543252594
    ]
  },
  "Brawl": {
    "1-3": [
      0,
      0,
      0
    ],
    "4-8": [
      1,
      1,
      1
    ],
    "9-15": [
      484,
      1100,
      0.44
    ],
    "16+": [
      307,
      2269,
      0.13530189510797708
    ]
  },
  "Coppercloud": {
    "1-3": [
      0,
      0,
      0
    ],
    "4-8": [
      0,
      0,
      0
    ],
    "9-15": [
      -161,
      971,
      -0.16580844490216273
    ],
    "16+": [
      -1253,
      3351,
      -0.37391823336317515
    ]
  },
  "Infiltrate": {
    "1-3": [
      -213,
      1019,
      -0.20902845927379785
    ],
    "4-8": [
      -185,
      565,
      -0.3274336283185841
    ],
    "9-15": [
      91,
      609,
      0.14942528735632185
    ],
    "16+": [
      32,
      1424,
      0.02247191011235955
    ]
  },
  "Obligator": {
    "1-3": [
      62,
      1334,
      0.046476761619190406
    ],
    "4-8": [
      -94,
      398,
      -0.23618090452261306
    ],
    "9-15": [
      85,
      623,
      0.13643659711075443
    ],
    "16+": [
      -99,
      1177,
      -0.08411214953271028
    ]
  },
  "Assassinate": {
    "1-3": [
      0,
      0,
      0
    ],
    "4-8": [
      2,
      2,
      1
    ],