{
  "Steelpush": {
    "1-3": [
      870,
      2756,
      0.31567489114658925
    ],
    "4-8": [
      9,
      665,
      0.013533834586466165
    ],
    "9-15": [
      378,
      1326,
      0.2850678733031674
    ],
    "16+": [
      83,
      2699,
      0.030752130418673584
    ]
  },
  "Sneak": {
    "1-3": [
      0,
      0,
      0
    ],
    "4-8": [
      2,
      10,
      0.2
    ],
    "9-15": [
      881,
      1857,
      0.47442110931610126
    ],
    "16+": [
      -37,
      1573,
      -0.023521932612841703
    ]
  },
  "Eavesdrop": {
    "1-3": [
      0,
      0,
      0
    ],
    "4-8": [
      4,
      10,
      0.4
    ],
    "9-15": [
      -469,
      689,
      -0.6806966618287373
    ],
    "16+": [
      -1691,
      2259,
      -0.7485613103142984
    ]
  },
  "Hunt": {
    "1-3": [
      0,
      0,
      0
    ],
    "4-8": [
      0,
      0,
      0
    ],
    "9-15": [
      412,
      1108,
      0.37184115523465705
    ],
    "16+": [
      575,
      4285,
      0.13418903150525088
    ]
  },
  "Smoker": {
    "1-3": [
      0,
      0,
      0
    ],
    "4-8": [
      0,
      0,
      0
    ],
    "9-15": [
      -5,
      63,
      -0.07936507936507936
    ],
    "16+": [
      -245,
      1113,
      -0.22012578616352202
    ]
  },
  "Brawl": {
    "1-3": [
      -149,
      1115,
      -0.1336322869955157
    ],
    "4-8": [
      -225,
      517,
      -0.43520309477756286
    ],
    "9-15": [
      106,
      674,
      0.1572700296735905
    ],
    "16+": [
      118,
      1212,
      0.09735973597359736
    ]
  },
  "Lurcher": {
    "1-3": [
      54,
      642,
      0.08411214953271028
    ],
    "4-8": [
      -208,
      896,
      -0.23214285714285715
    ],
    "9-15": [
      107,
      691,
      0.1548480463096961
    ],
    "16+": [
      20,
      862,
      0.02320185614849188
    ]
  },
  "Unveil": {
    "1-3": [
      898,
      2132,
      0.42120075046904315
    ],
    "4-8": [
      66,
      1294,
      0.05100463678516229
    ],
    "9-15": [
      283,
      1215,
      0.23292181069958848
    ],
    "16+": [
      25,
      2065,
      0.012106537530266344
    ]
  },
  "Strategize": {
    "1-3": [
      160,
      208,
      0.7692307692307693
    ],
    "4-8": [
      99,
      1251,
      0.07913669064748201
    ],
    "9-15": [
      90,
      700,
      0.12857142857142856
    ],
    "16+": [
      -4,
      926,
      -0.004319654427645789
    ]
  },
  "Inspire": {
    "1-3": [
      0,
      0,
      0
    ],
    "4-8": [
      0,
      0,
      0
    ],
    "9-15": [
      986,
      2640,
      0.3734848484848485
    ],
    "16+": [
      -86,
      3978,
      -0.021618903971845148
    ]
  },
  "Ironpull": {
    "1-3": [
      0,
      0,
      0
    ],
    "4-8": [
      1,
      1,
      1
    ],
    "9-15": [
      1061,
      2437,
      0.4353713582273287
    ],
    "16+": [
      573,
      4519,
      0.1267979641513609
    ]
  },
  "Reposition": {
    "1-3": [
      0,
      0,
      0
    ],
    "4-8": [
      0,
      0,
      0
    ],
    "9-15": [
      296,
      732,
      0.40437158469945356
    ],
    "16+": [
      466,
      2460,
      0.18943089430894308
    ]
  },
  "Hyperaware": {
    "1-3": [
      218,
      254,
      0.8582677165354331
    ],
    "4-8": [
      512,
      1348,
      0.3798219584569733
    ],
    "9-15": [
      228,
      658,
      0.3465045592705167
    ],
    "16+": [
      81,
      995,
      0.0814070351758794
    ]
  },
  "Pursue": {
    "1-3": [
      461,
      1315,
      0.3505703422053232
    ],
    "4-8": [
      -31,
      337,
      -0.09198813056379822
    ],
    "9-15": [
      118,
      654,
      0.18042813455657492
    ],
    "16+": [
      62,
      1344,
      0.046130952380952384
    ]
  },
  "Con": {
    "1-3": [
      1216,
      2720,
      0.4470588235294118
    ],
    "4-8": [
      -38,
      640,
      -0.059375
    ],
    "9-15": [
      339,
      1421,
      0.23856439127375087
    ],
    "16+": [
      25,
      2741,
      0.009120758847136081
    ]
  },
  "Train In Secret": {
    "1-3": [
      -108,
      770,
      -0.14025974025974025
    ],
    "4-8": [
      -59,
      297,
      -0.19865319865319866
    ],
    "9-15": [
      330,
      890,
      0.3707865168539326
    ],
    "16+": [
      146,
      1434,
      0.10181311018131102
    ]
  },
  "Deceive": {
    "1-3": [
      -221,
      1633,
      -0.13533374157991426
    ],
    "4-8": [
      -92,
      588,
      -0.1564625850340136
    ],
    "9-15": [
      276,
      1162,
      0.23752151462994836
    ],
    "16+": [
      109,
      1687,
      0.06461173681090694
    ]
  },
  "Dominate": {
    "1-3": [
      106,
      198,
      0.5353535353535354
    ],
    "4-8": [
      -3,
      1215,
      -0.0024691358024691358
    ],
    "9-15": [
      0,
      780,
      0
    ],
    "16+": [
      12,
      940,
      0.01276595744680851
    ]
  },
  "Enrage": {
    "1-3": [
      0,
      0,
      0
    ],
    "4-8": [
      0,
      0,
      0
    ],
    "9-15": [
      1609,
      3689,
      0.43616156139875306
    ],
    "16+": [
      259,
      3549,
      0.07297830374753451
    ]
  },
  "Coppercloud": {
    "1-3": [
      0,
      0,
      0
    ],
    "4-8": [
      0,
      0,
      0
    ],
    "9-15": [
      -113,
      1033,
      -0.10939012584704744
    ],
    "16+": [
      -1009,
      3977,
      -0.2537088257480513
    ]
  },
  "Soldier": {
    "1-3": [
      -81,
      1317,
      -0.06150341685649203
    ],
    "4-8": [
      -101,
      413,
      -0.24455205811138014
    ],
    "9-15": [
      89,
      627,
      0.1419457735247209
    ],
    "16+": [
      -68,
      1314,
      -0.0517503805175038
    ]
  },
  "Pierce": {
    "1-3": [
      170,
      238,
      0.7142857142857143
    ],
    "4-8": [
      265,
      1235,
      0.2145748987854251
    ],
    "9-15": [
      206,
      658,
      0.3130699088145897
    ],
    "16+": [
      127,
      951,
      0.13354363827549948
    ]
  },
  "Hide": {
    "1-3": [
      0,
      0,
      0
    ],
    "4-8": [
      0,
      0,
      0
    ],
    "9-15": [
      191,
      1099,
      0.1737943585077343
    ],
    "16+": [
      -770,
      4288,
      -0.17957089552238806
    ]
  },
  "Balance": {
    "1-3": [
      0,
      0,
      0
    ],
    "4-8": [
      -123,
      653,
      -0.1883614088820827
    ],
    "9-15": [
      58,
      1126,
      0.05150976909413854
    ],
    "16+": [
      76,
      812,
      0.09359605911330049
    ]
  },
  "Soar": {
    "1-3": [
      770,
      2756,
      0.2793904208998549
    ],
    "4-8": [
      -90,
      704,
      -0.1278409090909091
    ],
    "9-15": [
      279,
      1355,
      0.2059040590405904
    ],
    "16+": [
      -31,
      2707,
      -0.011451791651274473
    ]
  },
  "Rescue": {
    "1-3": [
      -126,
      1292,
      -0.09752321981424149
    ],
    "4-8": [
      -136,
      440,
      -0.3090909090909091
    ],
    "9-15": [
      67,
      629,
      0.10651828298887123
    ],
    "16+": [
      9,
      1215,
      0.007407407407407408
    ]
  },
  "Maelstrom": {
    "1-3": [
      118,
      162,
      0.7283950617283951
    ],
    "4-8": [
      106,
      1156,
      0.09169550173010381
    ],
    "9-15": [
      167,
      883,
      0.18912797281993204
    ],
    "16+": [
      19,
      899,
      0.021134593993325918
    ]
  },
  "Pacify": {
    "1-3": [
      218,
      1340,
      0.1626865671641791
    ],
    "4-8": [
      -42,
      400,
      -0.105
    ],
    "9-15": [
      99,
      625,
      0.1584
    ],
    "16+": [
      -9,
      1241,
      -0.007252215954875101
    ]
  },
  "Precise Shot": {
    "1-3": [
      0,
      0,
      0
    ],
    "4-8": [
      0,
      0,
      0
    ],
    "9-15": [
      516,
      1144,
      0.45104895104895104
    ],
    "16+": [
      397,
      2295,
      0.17298474945533768
    ]
  },