{
  "Con": {
    "1-3": [
      1336,
      2992,
      0.446524064171123
    ],
    "4-8": [
      -64,
      1036,
      -0.06177606177606178
    ],
    "9-15": [
      285,
      2015,
      0.141439205955335
    ],
    "16+": [
      75,
      4187,
      0.01791258657750179
    ]
  },
  "Mercenary": {
    "1-3": [
      -102,
      1380,
      -0.07391304347826087
    ],
    "4-8": [
      -150,
      628,
      -0.23885350318471338
    ],
    "9-15": [
      91,
      873,
      0.10423825887743414
    ],
    "16+": [
      40,
      1976,
      0.020242914979757085
    ]
  },
  "Sneak": {
    "1-3": [
      130,
      1216,
      0.1069078947368421
    ],
    "4-8": [
      -139,
      675,
      -0.20592592592592593
    ],
    "9-15": [
      173,
      919,
      0.1882480957562568
    ],
    "16+": [
      213,
      2159,
      0.09865678554886521
    ]
  },
  "Hazekillers": {
    "1-3": [
      -489,
      2539,
      -0.19259551004332415
    ],
    "4-8": [
      -423,
      1453,
      -0.29112181693048866
    ],
    "9-15": [
      158,
      1848,
      0.0854978354978355
    ],
    "16+": [
      3,
      3607,
      0.0008317161075686166
    ]
  },
  "Unveil": {
    "1-3": [
      933,
      1757,
      0.5310187820147979
    ],
    "4-8": [
      607,
      2079,
      0.291967291967292
    ],
    "9-15": [
      433,
      2045,
      0.21173594132029339
    ],
    "16+": [
      164,
      4124,
      0.03976721629485936
    ]
  },
  "Preserve": {
    "1-3": [
      0,
      0,
      0
    ],
    "4-8": [
      -63,
      427,
      -0.14754098360655737
    ],
    "9-15": [
      70,
      1824,
      0.03837719298245614
    ],
    "16+": [
      239,
      1435,
      0.16655052264808362
    ]
  },
  "Inspire": {
    "1-3": [
      0,
      0,
      0
    ],
    "4-8": [
      0,
      2,
      0
    ],
    "9-15": [
      1276,
      3728,
      0.34227467811158796
    ],
    "16+": [
      -130,
      5816,
      -0.02235213204951857
    ]
  },
  "Precise Shot": {
    "1-3": [
      0,
      0,
      0
    ],
    "4-8": [
      0,
      0,
      0
    ],
    "9-15": [
      628,
      1526,
      0.41153342070773263
    ],
    "16+": [
      584,
      3368,
      0.17339667458432304
    ]
  },
  "Pacify": {
    "1-3": [
      79,
      1389,
      0.05687544996400288
    ],
    "4-8": [
      -49,
      599,
      -0.08180300500834725
    ],
    "9-15": [
      159,
      985,
      0.16142131979695432
    ],
    "16+": [
      -4,
      2012,
      -0.0019880715705765406
    ]
  },
  "Rebel": {
    "1-3": [
      0,
      0,
      0
    ],
    "4-8": [
      0,
      0,
      0
    ],
    "9-15": [
      107,
      273,
      0.39194139194139194
    ],
    "16+": [
      500,
      2336,
      0.21404109589041095
    ]
  },
  "Recover": {
    "1-3": [
      21,
      1317,
      0.015945330296127564
    ],
    "4-8": [
      -149,
      485,
      -0.30721649484536084
    ],
    "9-15": [
      158,
      880,
      0.17954545454545454
    ],
    "16+": [
      28,
      2128,
      0.013157894736842105
    ]
  },
  "Strategize": {
    "1-3": [
      78,
      124,
      0.6290322580645161
    ],
    "4-8": [
      128,
      1292,
      0.09907120743034056
    ],
    "9-15": [
      141,
      1247,
      0.11307137129109864
    ],
    "16+": [
      153,
      1803,
      0.08485856905158069
    ]
  },
  "Pierce": {
    "1-3": [
      124,
      148,
      0.8378378378378378
    ],
    "4-8": [
      619,
      1505,
      0.4112956810631229
    ],
    "9-15": [
      392,
      1150,
      0.3408695652173913
    ],
    "16+": [
      210,
      1906,
      0.11017838405036726
    ]
  },
  "Soar": {
    "1-3": [
      700,
      3016,
      0.23209549071618038
    ],
    "4-8": [
      -114,
      1064,
      -0.10714285714285714
    ],
    "9-15": [
      393,
      2035,
      0.1931203931203931
    ],
    "16+": [
      63,
      4057,
      0.015528715799852107
    ]
  },
  "Deceive": {
    "1-3": [
      414,
      2362,
      0.17527519051651144
    ],
    "4-8": [
      -151,
      1509,
      -0.10006626905235255
    ],
    "9-15": [
      130,
      1902,
      0.0683491062039958
    ],
    "16+": [
      -90,
      3758,
      -0.023948908994145823
    ]
  },
  "Crushing Blow": {
    "1-3": [
      49,
      71,
      0.6901408450704225
    ],
    "4-8": [
      229,
      1155,
      0.19826839826839826
    ],
    "9-15": [
      273,
      1537,
      0.17761873780091086
    ],
    "16+": [
      282,
      1736,
      0.16244239631336405
    ]
  },
  "Lurcher": {
    "1-3": [
      63,
      443,
      0.14221218961625282
    ],
    "4-8": [
      -196,
      1188,
      -0.16498316498316498
    ],
    "9-15": [
      105,
      1163,
      0.09028374892519346
    ],
    "16+": [
      124,
      1632,
      0.07598039215686274
    ]
  },
  "Assassinate": {
    "1-3": [
      0,
      0,
      0
    ],
    "4-8": [
      0,
      0,
      0
    ],
    "9-15": [
      545,
      1517,
      0.3592617007251154
    ],
    "16+": [
      603,
      3211,
      0.18779196511990034
    ]
  },
  "Investigate": {
    "1-3": [
      0,
      0,
      0
    ],
    "4-8": [
      4,
      12,
      0.3333333333333333
    ],
    "9-15": [
      -66,
      234,
      -0.28205128205128205
    ],
    "16+": [
      -875,
      2433,
      -0.35963830661734486
    ]
  },
  "Charm": {
    "1-3": [
      0,
      0,
      0
    ],
    "4-8": [
      1,
      1,
      1
    ],
    "9-15": [
      127,
      465,
      0.2731182795698925
    ],
    "16+": [
      306,
      2612,
      0.11715160796324656
    ]
  },
  "Coinshot": {
    "1-3": [
      94,
      388,
      0.2422680412371134
    ],
    "4-8": [
      -125,
      1123,
      -0.11130899376669635
    ],
    "9-15": [
      150,
      1208,
      0.12417218543046357
    ],
    "16+": [
      172,
      1616,
      0.10643564356435643
    ]
  },
  "Hide": {
    "1-3": [
      0,
      0,
      0
    ],
    "4-8": [
      0,
      0,
      0
    ],
    "9-15": [
      257,
      1473,
      0.17447386286490157
    ],
    "16+": [
      -927,
      7215,
      -0.1284823284823285
    ]
  },
  "Rioter": {
    "1-3": [
      86,
      584,
      0.14726027397260275
    ],
    "4-8": [
      -163,
      1207,
      -0.13504556752278377
    ],
    "9-15": [
      80,
      1044,
      0.07662835249042145
    ],
    "16+": [
      55,
      1717,
      0.0320326150262085
    ]
  },
  "Steelpush": {
    "1-3": [
      644,
      2898,
      0.2222222222222222
    ],
    "4-8": [
      -59,
      1095,
      -0.053881278538812784
    ],
    "9-15": [
      452,
      1906,
      0.23714585519412382
    ],
    "16+": [
      171,
      4213,
      0.04058865416567767
    ]
  },
  "House War": {
    "1-3": [
      38,
      82,
      0.4634146341463415
    ],
    "4-8": [
      0,
      1188,
      0
    ],
    "9-15": [
      171,
      1409,
      0.1213626685592619
    ],
    "16+": [
      151,
      1627,
      0.09280885064535956
    ]
  },
  "Reposition": {
    "1-3": [
      0,
      0,
      0
    ],
    "4-8": [
      0,
      0,
      0
    ],
    "9-15": [
      308,
      940,
      0.3276595744680851
    ],
    "16+": [
      616,
      3748,
      0.16435432230522945
    ]
  },
  "Balance": {
    "1-3": [
      0,
      0,
      0
    ],
    "4-8": [
      -80,
      438,
      -0.182648401826484
    ],
    "9-15": [
      119,
      1805,
      0.06592797783933518
    ],
    "16+": [
      173,
      1391,
      0.12437095614665708
    ]
  },
  "Train In Secret": {
    "1-3": [
      0,
      0,
      0
    ],
    "4-8": [
      0,
      0,
      0
    ],
    "9-15": [
      785,
      2147,
      0.3656264555193293
    ],
    "16+": [
      191,
      2697,
      0.07081942899517983
    ]
  },
  "Pursue": {
    "1-3": [
      702,
      1404,
      0.5
    ],
    "4-8": [
      22,
      518,
      0.04247104247104247
    ],