{
  "Soar": {
    "1-3": [
      721,
      2921,
      0.2468332762752482
    ],
    "4-8": [
      -93,
      883,
      -0.10532276330690826
    ],
    "9-15": [
      297,
      1655,
      0.17945619335347432
    ],
    "16+": [
      63,
      3943,
      0.015977681968044635
    ]
  },
  "Steelpush": {
    "1-3": [
      535,
      2823,
      0.18951470067304285
    ],
    "4-8": [
      -39,
      937,
      -0.0416221985058698
    ],
    "9-15": [
      350,
      1634,
      0.2141982864137087
    ],
    "16+": [
      182,
      4110,
      0.044282238442822384
    ]
  },
  "Kandra": {
    "1-3": [
      -8,
      96,
      -0.08333333333333333
    ],
    "4-8": [
      -214,
      1096,
      -0.19525547445255476
    ],
    "9-15": [
      116,
      1260,
      0.09206349206349207
    ],
    "16+": [
      90,
      1540,
      0.05844155844155844
    ]
  },
  "Survive": {
    "1-3": [
      -84,
      188,
      -0.44680851063829785
    ],
    "4-8": [
      -197,
      499,
      -0.39478957915831664
    ],
    "9-15": [
      186,
      974,
      0.19096509240246407
    ],
    "16+": [
      -712,
      5844,
      -0.1218343600273785
    ]
  },
  "Ironpull": {
    "1-3": [
      0,
      0,
      0
    ],
    "4-8": [
      1,
      1,
      1
    ],
    "9-15": [
      1207,
      3083,
      0.39150178397664614
    ],
    "16+": [
      715,
      6423,
      0.11131869842752608
    ]
  },
  "Deceive": {
    "1-3": [
      482,
      2260,
      0.21327433628318584
    ],
    "4-8": [
      -114,
      1460,
      -0.07808219178082192
    ],
    "9-15": [
      213,
      1647,
      0.12932604735883424
    ],
    "16+": [
      -78,
      3796,
      -0.02054794520547945
    ]
  },
  "Strike": {
    "1-3": [
      0,
      0,
      0
    ],
    "4-8": [
      0,
      0,
      0
    ],
    "9-15": [
      901,
      2877,
      0.3131734445603059
    ],
    "16+": [
      87,
      6495,
      0.013394919168591224
    ]
  },
  "Hyperaware": {
    "1-3": [
      107,
      157,
      0.6815286624203821
    ],
    "4-8": [
      394,
      1336,
      0.2949101796407186
    ],
    "9-15": [
      229,
      987,
      0.232016210739615
    ],
    "16+": [
      225,
      1753,
      0.12835139760410724
    ]
  },
  "Lurcher": {
    "1-3": [
      0,
      0,
      0
    ],
    "4-8": [
      0,
      0,
      0
    ],
    "9-15": [
      17,
      23,
      0.7391304347826086
    ],
    "16+": [
      641,
      1327,
      0.48304446119065564
    ]
  },
  "Hunt": {
    "1-3": [
      0,
      0,
      0
    ],
    "4-8": [
      0,
      0,
      0
    ],
    "9-15": [
      457,
      1383,
      0.3304410701373825
    ],
    "16+": [
      736,
      6280,
      0.11719745222929936
    ]
  },
  "Rescue": {
    "1-3": [
      -55,
      947,
      -0.05807814149947202
    ],
    "4-8": [
      -277,
      785,
      -0.35286624203821654
    ],
    "9-15": [
      79,
      819,
      0.09645909645909646
    ],
    "16+": [
      146,
      2036,
      0.07170923379174853
    ]
  },
  "Preserve": {
    "1-3": [
      0,
      0,
      0
    ],
    "4-8": [
      -36,
      574,
      -0.0627177700348432
    ],
    "9-15": [
      101,
      1411,
      0.07158043940467754
    ],
    "16+": [
      187,
      1319,
      0.1417740712661107
    ]
  },
  "Eavesdrop": {
    "1-3": [
      0,
      0,
      0
    ],
    "4-8": [
      2,
      16,
      0.125
    ],
    "9-15": [
      -454,
      868,
      -0.5230414746543779
    ],
    "16+": [
      -2751,
      4179,
      -0.6582914572864321
    ]
  },
  "Pierce": {
    "1-3": [
      141,
      193,
      0.7305699481865285
    ],
    "4-8": [
      386,
      1378,
      0.28011611030478956
    ],
    "9-15": [
      263,
      919,
      0.28618063112078346
    ],
    "16+": [
      102,
      1790,
      0.05698324022346369
    ]
  },
  "Assassinate": {
    "1-3": [
      0,
      0,
      0
    ],
    "4-8": [
      1,
      1,
      1
    ],
    "9-15": [
      562,
      1470,
      0.38231292517006804
    ],
    "16+": [
      445,
      3155,
      0.1410459587955626
    ]
  },
  "Infiltrate": {
    "1-3": [
      0,
      0,
      0
    ],
    "4-8": [
      0,
      0,
      0
    ],
    "9-15": [
      412,
      1240,
      0.33225806451612905
    ],
    "16+": [
      327,
      3325,
      0.09834586466165414
    ]
  },
  "Lookout": {
    "1-3": [
      147,
      1283,
      0.11457521434138737
    ],
    "4-8": [
      -69,
      507,
      -0.13609467455621302
    ],
    "9-15": [
      109,
      837,
      0.13022700119474312
    ],
    "16+": [
      78,
      2082,
      0.037463976945244955
    ]
  },
  "Tineye": {
    "1-3": [
      291,
      659,
      0.44157814871016693
    ],
    "4-8": [
      -17,
      1089,
      -0.015610651974288337
    ],
    "9-15": [
      242,
      910,
      0.26593406593406593
    ],
    "16+": [
      -4,
      1822,
      -0.0021953896816684962
    ]
  },
  "Balance": {
    "1-3": [
      0,
      0,
      0
    ],
    "4-8": [
      -79,
      535,
      -0.14766355140186915
    ],
    "9-15": [
      170,
      1542,
      0.11024643320363164
    ],
    "16+": [
      229,
      1335,
      0.17153558052434456
    ]
  },
  "Enrage": {
    "1-3": [
      0,
      0,
      0
    ],
    "4-8": [
      0,
      0,
      0
    ],
    "9-15": [
      1644,
      4434,
      0.37077131258457374
    ],
    "16+": [
      79,
      4967,
      0.015904972820616065
    ]
  },
  "Ruin": {
    "1-3": [
      0,
      0,
      0
    ],
    "4-8": [
      -81,
      203,
      -0.39901477832512317
    ],
    "9-15": [
      303,
      1245,
      0.2433734939759036
    ],
    "16+": [
      284,
      1324,
      0.21450151057401812
    ]
  },
  "Unveil": {
    "1-3": [
      801,
      1889,
      0.4240338803599788
    ],
    "4-8": [
      121,
      1787,
      0.06771124790151091
    ],
    "9-15": [
      360,
      1650,
      0.21818181818181817
    ],
    "16+": [
      346,
      3886,
      0.08903757076685538
    ]
  },
  "Dominate": {
    "1-3": [
      108,
      150,
      0.72
    ],
    "4-8": [
      232,
      1338,
      0.17339312406576982
    ],
    "9-15": [
      160,
      1014,
      0.15779092702169625
    ],
    "16+": [
      59,
      1755,
      0.03361823361823362
    ]
  },
  "House War": {
    "1-3": [
      40,
      88,
      0.45454545454545453
    ],
    "4-8": [
      -17,
      991,
      -0.017154389505549948
    ],
    "9-15": [
      209,
      1307,
      0.15990818668706963
    ],
    "16+": [
      191,
      1457,
      0.13109128345916266
    ]
  },
  "Reposition": {
    "1-3": [
      0,
      0,
      0
    ],
    "4-8": [
      0,
      0,
      0
    ],
    "9-15": [
      351,
      951,
      0.36908517350157727
    ],
    "16+": [
      601,
      3647,
      0.16479298053194405
    ]
  },
  "Pewterarm": {
    "1-3": [
      59,
      567,
      0.10405643738977072
    ],
    "4-8": [
      -249,
      1095,
      -0.2273972602739726
    ],
    "9-15": [
      80,
      900,
      0.08888888888888889
    ],
    "16+": [
      20,
      1720,
      0.011627906976744186
    ]
  },
  "Con": {
    "1-3": [
      1113,
      2877,
      0.38686131386861317
    ],
    "4-8": [
      -20,
      862,
      -0.02320185614849188
    ],
    "9-15": [
      304,
      1732,
      0.17551963048498845
    ],
    "16+": [
      18,
      4180,
      0.00430622009569378
    ]
  },
  "Recover": {
    "1-3": [
      261,
      1539,
      0.1695906432748538
    ],
    "4-8": [
      -114,
      490,
      -0.23265306122448978
    ],
    "9-15": [
      94,
      758,
      0.12401055408970976
    ],
    "16+": [
      47,
      1965,
      0.02391857506361323
    ]
  },
  "Maelstrom": {
    "1-3": [
      69,
      105,
      0.6571428571428571
    ],
    "4-8": [
      148,
      1184,
      0.125
    ],
    "9-15": [
      142,
      1190,
      0.11932773109243698
    ],