{
  "Bronze Training": [
    40,
    54782,
    0.0007301668431236538
  ],
  "Crash": [
    -457,
    8831,
    -0.05174951874079946
  ],
  "Pewter Training": [
    40,
    54782,
    0.0007301668431236538
  ],
  "Brass Training": [
    40,
    54782,
    0.0007301668431236538
  ],
  "Crewleader": [
    -351,
    4759,
    -0.07375499054423199
  ],
  "Charm": [
    -269,
    6707,
    -0.04010735052929775
  ],
  "Intimidate": [
    -588,
    5974,
    -0.09842651489789087
  ],
  "Deceive": [
    -264,
    11862,
    -0.02225594334850784
  ],
  "Iron Training": [
    40,
    54782,
    0.0007301668431236538
  ],
  "Hyperaware": [
    816,
    1732,
    0.47113163972286376
  ],
  "Rebel": [
    -850,
    7222,
    -0.11769592910551094
  ],
  "Funding": [
    -4724,
    10686,
    -0.44207374134381433
  ],
  "Strike": [
    -764,
    3340,
    -0.22874251497005987
  ],
  "Inspire": [
    -713,
    8697,
    -0.08198229274462458
  ],
  "Lurcher": [
    -88,
    6594,
    -0.013345465574764938
  ],
  "Mercenary": [
    -556,
    8540,
    -0.06510538641686182
  ],
  "Houselord": [
    -367,
    8533,
    -0.04300949255830306
  ],
  "Precise Shot": [
    -582,
    6196,
    -0.09393156875403486
  ],
  "Infiltrate": [
    -206,
    6690,
    -0.030792227204783258
  ],
  "Informant": [
    715,
    7783,
    0.09186688937427727
  ],
  "Obligator": [
    -347,
    7241,
    -0.04792155779588455
  ],
  "Tineye": [
    1754,
    6616,
    0.2651148730350665
  ],
  "Hazekillers": [
    399,
    15067,
    0.02648171500630517
  ],
  "Assassinate": [
    -254,
    6182,
    -0.04108702685215141
  ],
  "Rioter": [
    -58,
    6748,
    -0.008595139300533492
  ],
  "Steelpush": [
    2458,
    12668,
    0.19403220713609093
  ],
  "Soar": [
    2042,
    15252,
    0.13388408077629163
  ],
  "Pierce": [
    1655,
    3669,
    0.4510765876260561
  ],
  "Kandra": [
    319,
    5339,
    0.05974901666978835
  ],
  "Pacify": [
    576,
    4620,
    0.12467532467532468
  ],
  "Seeker": [
    1057,
    6573,
    0.16080937167199147
  ],
  "Con": [
    2758,
    13724,
    0.20096181871174584
  ],
  "Inquisitor": [
    -237,
    5327,
    -0.04449033226957012
  ],
  "Pursue": [
    1892,
    6286,
    0.30098631880369076
  ],
  "Strategize": [
    586,
    2708,
    0.21639586410635156
  ],
  "Subdue": [
    -974,
    6766,
    -0.1439550694649719
  ],
  "Rescue": [
    182,
    4672,
    0.0389554794520548
  ],
  "Enrage": [
    -566,
    12908,
    -0.04384877595289743
  ],
  "Reposition": [
    -348,
    1488,
    -0.23387096774193547
  ],
  "Coppercloud": [
    -530,
    11920,
    -0.044463087248322146
  ],
  "Unveil": [
    3576,
    9072,
    0.3941798941798942
  ],
  "Keeper": [
    -882,
    7082,
    -0.1245410900875459
  ],
  "Ascendant": [
    -161,
    3503,
    -0.04596060519554668
  ],
  "Recover": [
    -409,
    7009,
    -0.058353545441575116
  ],
  "Ironpull": [
    -328,
    9600,
    -0.034166666666666665
  ],
  "Pickpocket": [
    -713,
    7253,
    -0.0983041500068937
  ],
  "Brawl": [
    41,
    3003,
    0.013653013653013654
  ],
  "Noble": [
    -550,
    4178,
    -0.13164193393968407
  ],
  "Soother": [
    2059,
    6743,
    0.30535370013347174
  ],
  "Pewterarm": [
    265,
    6909,
    0.038355767839050516
  ],
  "Soldier": [
    -159,
    8573,
    -0.018546599790038493
  ],
  "Lookout": [
    951,
    3835,
    0.24797913950456324
  ],
  "Coinshot": [
    -133,
    6711,
    -0.019818208910743554
  ],
  "Maelstrom": [
    98,
    920,
    0.10652173913043478
  ],
  "Crushing Blow": [
    39,
    691,
    0.056439942112879886
  ],
  "Dominate": [
    473,
    2459,
    0.19235461569743798
  ],
  "Sneak": [
    -9,
    1249,
    -0.007205764611689352
  ],
  "House War": [
    124,
    1352,
    0.09171597633136094
  ],
  "Preserve": [
    99,
    379,
    0.2612137203166227
  ],
  "Balance": [
    74,
    284,
    0.2605633802816901
  ],
  "Hunt": [
    -129,
    261,
    -0.4942528735632184
  ],
  "Smoker": [
    -8,
    156,
    -0.05128205128205128
  ],
  "Investigate": [
    -264,
    434,
    -0.6082949308755761
  ],
  "Spy": [
    -11,
    327,
    -0.03363914373088685
  ],
  "Train In Secret": [
    -12,
    34,
    -0.35294117647058826
  ],
  "Survive": [
    -4,
    8,
    -0.5
  ],
  "Ruin": [
    -4,
    26,
    -0.15384615384615385
  ],
  "Eavesdrop": [
    -2,
    2,
    -1
  ],
  "Hide": [
    -1,
    3,
    -0.3333333333333333
  ]
}